RQ Number, RQ Total Time, Total Entries Read, Total Entries Returned, RQ Refresh Time, RQ Reset Time, Actual RQ Time, Did Run RR, Instructions, Cycles, L1D Cache Misses
1, 1013264792, 50033, 50000, 68000, 855585493, 157611199, 1
2, 207606599, 50309, 50000, 226200, 400, 207379999, 0
3, 519295396, 50549, 50000, 130104599, 500, 389190297, 0
4, 238013698, 50629, 50000, 662900, 400, 237350398, 0
5, 133971599, 50758, 50000, 18100, 600, 133952799, 0
6, 1525459388, 50850, 50000, 35800, 1071156691, 454266897, 1
7, 73567300, 50282, 50000, 387600, 500, 73179200, 0
8, 45776199, 50457, 50000, 15100, 500, 45760599, 0
9, 53241400, 50404, 50000, 17800, 400, 53223200, 0
10, 56425500, 50743, 50000, 17400, 500, 56407600, 0
11, 87539999, 51060, 50000, 17200, 300, 87522499, 0
12, 87896000, 51149, 50000, 18200, 300, 87877400, 0
13, 1856968388, 51745, 50000, 51400, 1474294391, 382622497, 1
14, 1357207193, 51905, 50000, 500200, 967544995, 389161998, 1
15, 183875299, 51137, 50000, 223900, 400, 183650999, 0
16, 64374899, 51143, 50000, 15100, 400, 64359399, 0
17, 56394700, 51347, 50000, 17000, 400, 56377300, 0
18, 163061099, 51669, 50000, 30300, 300, 163030499, 0
19, 67339300, 51653, 50000, 15500, 500, 67323300, 0
20, 219491199, 52283, 50000, 29600, 400, 219461199, 0
21, 83472900, 51854, 50000, 17100, 300, 83455500, 0
22, 86367100, 51881, 50000, 17400, 300, 86349400, 0
23, 496715897, 52149, 50000, 88587799, 300, 408127798, 0
24, 168224399, 52212, 50000, 653600, 300, 167570499, 0
25, 119294399, 52366, 50000, 18200, 400, 119275699, 0
26, 1250744394, 52429, 50000, 38000, 787207196, 463499198, 1
27, 154525098, 52861, 50000, 374700, 400, 154149998, 0
28, 157314698, 53604, 50000, 18700, 500, 157295498, 0
29, 113636698, 53763, 50000, 17900, 400, 113618298, 0
30, 86635399, 53852, 50000, 14600, 400, 86620399, 0
31, 99531299, 54066, 50000, 18600, 300, 99512399, 0
32, 86502299, 54116, 50000, 14500, 500, 86487299, 0
33, 116992299, 53140, 50000, 15100, 300, 116976899, 0
34, 50199500, 54192, 50000, 17100, 300, 50182000, 0
35, 102999899, 54292, 50000, 18300, 500, 102980999, 0
36, 111391599, 54365, 50000, 17600, 500, 111373499, 0
37, 106417399, 54647, 50000, 15800, 300, 106401299, 0
38, 1109137287, 55196, 50000, 103299999, 400, 1005836788, 0
39, 176910998, 54513, 50000, 407300, 300, 176503298, 0
40, 83951099, 54560, 50000, 17300, 400, 83933399, 0
41, 75511799, 54762, 50000, 19800, 11500, 75480499, 0
42, 115357699, 55025, 50000, 19900, 300, 115337399, 0
43, 87375599, 55257, 50000, 18300, 400, 87356899, 0
44, 77060299, 55378, 50000, 21100, 700, 77038499, 0
45, 62387200, 55543, 50000, 19600, 300, 62367300, 0
46, 52034699, 55616, 50000, 19100, 700, 52014899, 0
47, 66011400, 55661, 50000, 16000, 400, 65994900, 0
48, 81807299, 55908, 50000, 18200, 500, 81788599, 0
49, 92127599, 56332, 50000, 18900, 600, 92108099, 0
50, 85330900, 56454, 50000, 16900, 700, 85313300, 0
51, 68710899, 56657, 50000, 19800, 300, 68690799, 0
52, 1211884284, 56652, 50000, 365900595, 400, 845983289, 0
53, 199458497, 56314, 50000, 288100, 400, 199169997, 0
54, 118374299, 56154, 50000, 16400, 400, 118357499, 0
55, 141686398, 56565, 50000, 18200, 400, 141667698, 0
56, 126189598, 56589, 50000, 16200, 400, 126172998, 0
57, 134452899, 56634, 50000, 14600, 400, 134437899, 0
58, 191182498, 57352, 50000, 20100, 500, 191161898, 0
59, 1728492477, 53696, 50000, 39000, 1068110686, 660342791, 1
60, 328752996, 56888, 50000, 474900, 400, 328277696, 0
61, 1277336483, 56000, 50000, 37000, 901590788, 375708595, 1
62, 260082097, 57133, 50000, 240800, 700, 259840497, 0
63, 162187098, 57423, 50000, 18000, 600, 162168498, 0
64, 152212798, 57277, 50000, 19300, 500, 152192998, 0
65, 100056499, 57417, 50000, 15600, 300, 100040499, 0
66, 172929814, 57863, 50000, 18700, 500, 172910614, 0
67, 114677109, 58104, 50000, 17700, 400, 114659009, 0
68, 127910610, 58134, 50000, 17900, 300, 127892310, 0
69, 121237509, 58253, 50000, 15300, 600, 121221609, 0
70, 117746110, 58462, 50000, 15900, 600, 117729510, 0
71, 141992612, 58768, 50000, 17800, 300, 141974512, 0
72, 823072966, 58625, 50000, 307483125, 500, 515589341, 0
73, 176878814, 58466, 50000, 526300, 400, 176352014, 0
74, 162320413, 58955, 50000, 19500, 400, 162300413, 0
75, 130019910, 58897, 50000, 14600, 600, 130004710, 0
76, 121545810, 58821, 50000, 16200, 400, 121529210, 0
77, 137754511, 59025, 50000, 14600, 400, 137739511, 0
78, 135662311, 59437, 50000, 18500, 400, 135643411, 0
79, 138548312, 59391, 50000, 16700, 400, 138531212, 0
80, 123321010, 59367, 50000, 16500, 400, 123304110, 0
81, 169517514, 59786, 50000, 17700, 400, 169499414, 0
82, 125389410, 59561, 50000, 16100, 400, 125372910, 0
83, 160313213, 59938, 50000, 18600, 300, 160294213, 0
84, 117614709, 60080, 50000, 15500, 500, 117598609, 0
85, 161979313, 60247, 50000, 17700, 300, 161961213, 0
86, 189444515, 60274, 50000, 17900, 400, 189426215, 0
87, 46005304, 60321, 50000, 17800, 400, 45987104, 0
88, 116280809, 59881, 50000, 15100, 600, 116265109, 0
89, 206375517, 56144, 50000, 16500, 300, 206358717, 0
90, 1027479177, 59234, 50000, 36000, 804926259, 222516918, 1
91, 142101107, 57898, 50000, 313100, 400, 141787607, 0
92, 81235404, 57464, 50000, 18500, 400, 81216404, 0
93, 1643553677, 60754, 50000, 396341919, 300, 1247211458, 0
94, 297717414, 57585, 50000, 482300, 400, 297234714, 0
95, 114350505, 58408, 50000, 16900, 400, 114333205, 0
96, 78672404, 59420, 50000, 16400, 300, 78655604, 0
97, 72379603, 59971, 50000, 15900, 600, 72363103, 0
98, 73168204, 60839, 50000, 18100, 400, 73149704, 0
99, 81767603, 60795, 50000, 24400, 500, 81742703, 0
100, 56460503, 60648, 50000, 17000, 300, 56443203, 0
101, 48687702, 58727, 50000, 17300, 500, 48669902, 0
102, 49474403, 58481, 50000, 17000, 300, 49457003, 0
103, 105634705, 61108, 50000, 19900, 300, 105614405, 0
104, 81138104, 60185, 50000, 15600, 400, 81122104, 0
105, 72261403, 59271, 50000, 21800, 400, 72239203, 0
106, 75783603, 61353, 50000, 20000, 600, 75763003, 0
107, 141852207, 58045, 50000, 27800, 400, 141824007, 0
108, 89098604, 61287, 50000, 17500, 300, 89080704, 0
109, 71062003, 58775, 50000, 16300, 400, 71045303, 0
110, 51932703, 60025, 50000, 19300, 300, 51913003, 0
111, 70446004, 59978, 50000, 21200, 300, 70424504, 0
112, 50601402, 59578, 50000, 19600, 400, 50581402, 0
113, 50612203, 61077, 50000, 25900, 300, 50586003, 0
114, 49698502, 60133, 50000, 20400, 300, 49677802, 0
115, 1826260986, 60851, 50000, 36400, 1312479662, 513744924, 1
116, 101415104, 58204, 50000, 744500, 400, 100670104, 0
117, 386523918, 60492, 50000, 20500, 500, 386502918, 0
118, 169154409, 61412, 50000, 21500, 500, 169132409, 0
119, 107902406, 62559, 50000, 55500, 400, 107846506, 0
120, 77849004, 60440, 50000, 20200, 300, 77828504, 0
121, 72100704, 53047, 50000, 18100, 600, 72082004, 0
122, 1363532166, 61445, 50000, 186227909, 13800, 1177290457, 0
123, 135102707, 62261, 50000, 639500, 300, 134462807, 0
124, 142961606, 62234, 50000, 14900, 500, 142946206, 0
125, 142982107, 62350, 50000, 14500, 300, 142967207, 0
126, 158437408, 62521, 50000, 15000, 300, 158422108, 0
127, 1525438974, 62573, 50000, 36900, 1205374658, 320027316, 1
128, 279625113, 62248, 50000, 459600, 400, 279165113, 0
129, 344888617, 61411, 50000, 19500, 400, 344868717, 0
130, 347794017, 62874, 50000, 14600, 300, 347779117, 0
131, 160117207, 60528, 50000, 15500, 400, 160101307, 0
132, 152577508, 61100, 50000, 19800, 300, 152557408, 0
133, 277114813, 59673, 50000, 18100, 400, 277096313, 0
134, 167900908, 63312, 50000, 18600, 300, 167882008, 0
135, 190304009, 63508, 50000, 17300, 800, 190285909, 0
136, 185234209, 57692, 50000, 16700, 300, 185217209, 0
137, 263838113, 61303, 50000, 16700, 300, 263821113, 0
138, 214655936, 61382, 50000, 18800, 500, 214636636, 0
139, 269842510, 63148, 50000, 17800, 600, 269824110, 0
140, 227162993, 62804, 50000, 18200, 300, 227144493, 0
141, 182442175, 60690, 50000, 18700, 300, 182423075, 0
142, 147416361, 60895, 50000, 15600, 300, 147400461, 0
143, 239936899, 64102, 50000, 18500, 400, 239917899, 0
144, 127148552, 61779, 50000, 19100, 600, 127128852, 0
145, 129817254, 62057, 50000, 15300, 300, 129801554, 0
146, 248333902, 56671, 50000, 15900, 400, 248317602, 0
147, 54809422, 61449, 50000, 16200, 400, 54792722, 0
148, 114436047, 59371, 50000, 14200, 300, 114421547, 0
149, 171611970, 62981, 50000, 17200, 300, 171594370, 0
150, 198490381, 64509, 50000, 18700, 300, 198471381, 0
151, 150248161, 62633, 50000, 17800, 400, 150229961, 0
152, 152766062, 63483, 50000, 15500, 300, 152750162, 0
153, 158296965, 63385, 50000, 18800, 400, 158277765, 0
154, 139709157, 64711, 50000, 16800, 300, 139691957, 0
155, 896862807, 62152, 50000, 165624868, 400, 731237439, 0
156, 144157503, 56142, 50000, 492700, 400, 143664403, 0
157, 220200803, 56682, 50000, 16200, 300, 220184203, 0
158, 174013503, 64336, 50000, 18100, 400, 173995003, 0
159, 139056502, 63774, 50000, 27500, 400, 139028502, 0
160, 212171103, 58947, 50000, 16400, 900, 212153803, 0
161, 112594902, 61987, 50000, 19600, 400, 112574802, 0
162, 69389901, 61700, 50000, 16300, 400, 69373101, 0
163, 117738402, 64744, 50000, 16900, 600, 117720902, 0
164, 92595001, 64981, 50000, 20400, 400, 92574101, 0
165, 117079302, 64957, 50000, 18300, 400, 117060602, 0
166, 87050101, 62287, 50000, 17800, 300, 87031901, 0
167, 142940002, 64544, 50000, 19200, 400, 142920402, 0
168, 178298903, 59298, 50000, 33800, 400, 178264703, 0
169, 317735805, 64120, 50000, 21000, 500, 317714305, 0
170, 224436703, 61832, 50000, 20700, 400, 224415603, 0
171, 201402303, 64640, 50000, 17400, 500, 201384403, 0
172, 159675302, 65884, 50000, 19700, 500, 159655102, 0
173, 159166902, 63948, 50000, 22200, 300, 159144302, 0
174, 54152501, 66381, 50000, 16800, 400, 54135301, 0
175, 183332503, 60431, 50000, 16500, 400, 183315503, 0
176, 178273402, 64847, 50000, 17100, 300, 178256002, 0
177, 105047802, 66656, 50000, 16600, 400, 105030802, 0
178, 1135629816, 64432, 50000, 200282003, 400, 935347413, 0
179, 172258503, 60761, 50000, 299700, 300, 171958503, 0
180, 1443973420, 66351, 50000, 37900, 1047629215, 396306305, 1
181, 170551803, 58303, 50000, 529200, 400, 170022203, 0
182, 226203103, 54865, 50000, 17800, 400, 226184903, 0
183, 43259601, 50311, 50000, 17000, 400, 43242201, 0
184, 50699101, 53916, 50000, 20600, 500, 50678001, 0
185, 51926801, 54892, 50000, 15800, 400, 51910601, 0
186, 80583801, 54061, 50000, 19600, 400, 80563801, 0
187, 50707401, 52581, 50000, 19300, 400, 50687701, 0
188, 156167802, 58511, 50000, 15800, 300, 156151602, 0
189, 60115901, 54865, 50000, 19600, 400, 60095801, 0
190, 55240301, 54050, 50000, 18000, 800, 55221501, 0
191, 50689600, 53938, 50000, 17200, 400, 50672000, 0
192, 51344801, 54640, 50000, 18400, 300, 51326001, 0
193, 44795900, 52355, 50000, 15000, 300, 44780500, 0
194, 57865800, 54134, 50000, 17800, 400, 57847600, 0
195, 68999099, 56193, 50000, 20300, 700, 68978099, 0
196, 53142900, 54761, 50000, 16600, 400, 53125800, 0
197, 52893199, 55022, 50000, 20400, 400, 52872399, 0
198, 49153600, 56364, 50000, 19800, 500, 49133300, 0
199, 146184298, 57422, 50000, 15600, 300, 146168298, 0
200, 46890199, 53765, 50000, 19800, 600, 46869799, 0
201, 69019699, 56395, 50000, 21100, 300, 68998299, 0
202, 51209499, 51977, 50000, 14500, 300, 51194699, 0
203, 60686499, 56788, 50000, 17100, 400, 60668899, 0
204, 53533800, 55326, 50000, 17600, 400, 53515800, 0
205, 54586699, 56813, 50000, 16800, 400, 54569499, 0
206, 52159199, 55212, 50000, 15700, 300, 52143199, 0
207, 214757297, 53773, 50000, 468900, 300, 214288097, 0
208, 234197097, 55752, 50000, 17400, 300, 234179397, 0
209, 162100698, 56333, 50000, 17300, 400, 162082998, 0
210, 125334499, 53983, 50000, 16800, 400, 125317299, 0
211, 68666799, 52306, 50000, 15700, 300, 68650799, 0
212, 123362598, 56547, 50000, 16100, 500, 123345998, 0
213, 106770099, 56090, 50000, 17700, 400, 106751999, 0
214, 98237299, 56352, 50000, 16500, 700, 98220099, 0
215, 140302799, 56406, 50000, 18600, 400, 140283799, 0
216, 92345399, 53414, 50000, 19000, 400, 92325999, 0
217, 168159298, 56690, 50000, 18600, 400, 168140298, 0
218, 115456998, 56313, 50000, 15900, 800, 115440298, 0
219, 115683499, 54947, 50000, 16200, 600, 115666699, 0
220, 126125498, 56181, 50000, 15100, 500, 126109798, 0
221, 182081498, 60911, 50000, 17500, 300, 182063598, 0
222, 144742198, 56645, 50000, 17500, 400, 144724298, 0
223, 101759599, 53954, 50000, 16400, 400, 101742799, 0
224, 73938899, 54448, 50000, 18500, 300, 73919999, 0
225, 204437697, 61657, 50000, 18700, 700, 204418297, 0
226, 112915198, 55853, 50000, 18200, 300, 112896698, 0
227, 101196399, 56946, 50000, 18900, 300, 101177199, 0
228, 92175999, 53885, 50000, 19300, 600, 92156099, 0
229, 119120398, 58142, 50000, 17600, 800, 119101998, 0
230, 104774199, 56625, 50000, 17900, 900, 104755399, 0
231, 110102498, 57393, 50000, 16600, 400, 110085398, 0
232, 237462198, 66690, 50000, 18400, 900, 237442898, 0
233, 168920902, 55211, 50000, 15900, 300, 168904702, 0
234, 216379803, 58269, 50000, 18700, 400, 216360703, 0
235, 190417303, 59067, 50000, 15200, 300, 190401703, 0
236, 144585302, 59166, 50000, 17000, 300, 144567902, 0
237, 95908202, 54947, 50000, 16400, 300, 95891402, 0
238, 134114502, 58186, 50000, 16300, 400, 134097802, 0
239, 1123641517, 59203, 50000, 254149804, 400, 869491313, 0
240, 204305303, 56706, 50000, 315400, 400, 203989503, 0
241, 169589603, 60016, 50000, 21500, 500, 169567603, 0
242, 74820101, 55737, 50000, 17100, 300, 74802701, 0
243, 106620502, 58152, 50000, 17600, 400, 106602502, 0
244, 127312502, 56508, 50000, 15900, 300, 127296202, 0
245, 197978203, 58928, 50000, 20000, 300, 197957903, 0
246, 120283302, 57897, 50000, 15600, 400, 120267302, 0
247, 186375902, 62195, 50000, 18400, 300, 186357102, 0
248, 149190103, 55795, 50000, 16500, 400, 149173203, 0
249, 223477403, 58825, 50000, 19200, 500, 223457703, 0
250, 124623602, 59516, 50000, 15900, 400, 124607302, 0
251, 112981801, 57590, 50000, 19200, 600, 112962001, 0
252, 142004303, 59066, 50000, 15900, 400, 141988003, 0
253, 1180979717, 68148, 50000, 40700, 732136910, 448802007, 1
254, 126101002, 56329, 50000, 691800, 400, 125408802, 0
255, 222222802, 60521, 50000, 17200, 300, 222205302, 0
256, 351845398, 60587, 50000, 19600, 500, 351825198, 0
257, 104179499, 57458, 50000, 16700, 400, 104162399, 0
258, 1083257195, 67320, 50000, 38900, 734561497, 348656798, 1
259, 1330597993, 59410, 50000, 339891798, 300, 990705795, 0
260, 1062996294, 65909, 50000, 498800, 889539695, 172957799, 1
261, 169342099, 57412, 50000, 749600, 300, 168592099, 0
262, 117656099, 56886, 50000, 17900, 300, 117637799, 0
263, 206187699, 60572, 50000, 19400, 300, 206167999, 0
264, 191415699, 59651, 50000, 16600, 300, 191398699, 0
265, 57634700, 57674, 50000, 17300, 300, 57617000, 0
266, 48769700, 58724, 50000, 20300, 400, 48748900, 0
267, 208118999, 59702, 50000, 20100, 700, 208098199, 0
268, 113053099, 58751, 50000, 16300, 400, 113036399, 0
269, 1603841384, 68826, 50000, 40100, 1138194586, 465606598, 1
270, 398197794, 61555, 50000, 720400, 500, 397476894, 0
271, 170925998, 60296, 50000, 16600, 800, 170908598, 0
272, 179550897, 61679, 50000, 15300, 300, 179535197, 0
273, 145776398, 59616, 50000, 16000, 400, 145759998, 0
274, 133467198, 60987, 50000, 15300, 400, 133451498, 0
275, 178166698, 58291, 50000, 18600, 400, 178147698, 0
276, 141697898, 61526, 50000, 16400, 400, 141681098, 0
277, 90844099, 58746, 50000, 16700, 400, 90826999, 0
278, 249866396, 65298, 50000, 17300, 500, 249848596, 0
279, 280486896, 64742, 50000, 17900, 600, 280468296, 0
280, 200533297, 59398, 50000, 16400, 400, 200516497, 0
281, 219337597, 61719, 50000, 19000, 300, 219318197, 0
282, 238082797, 62280, 50000, 19200, 500, 238062997, 0
283, 131480298, 62421, 50000, 20200, 500, 131459498, 0
284, 237679397, 60289, 50000, 17600, 400, 237661297, 0
285, 77911399, 62202, 50000, 17100, 400, 77893899, 0
286, 245314396, 59085, 50000, 19100, 500, 245294796, 0
287, 244037997, 61650, 50000, 17300, 400, 244020297, 0
288, 723806090, 62755, 50000, 302042396, 400, 421763194, 0
289, 142152898, 59855, 50000, 602700, 300, 141549898, 0
290, 223454497, 53997, 50000, 16000, 300, 223438197, 0
291, 158554597, 64654, 50000, 19500, 800, 158534297, 0
292, 168213598, 60600, 50000, 18000, 400, 168195198, 0
293, 107386298, 60144, 50000, 21300, 300, 107364698, 0
294, 84906701, 59458, 50000, 16700, 300, 84889701, 0
295, 162451302, 55832, 50000, 16800, 600, 162433902, 0
296, 216280103, 65082, 50000, 16900, 600, 216262603, 0
297, 170500702, 59654, 50000, 16900, 400, 170483402, 0
298, 216774103, 63281, 50000, 21000, 400, 216752703, 0
299, 62285501, 60453, 50000, 18000, 400, 62267001, 0
300, 52116001, 60852, 50000, 15500, 300, 52100101, 0
301, 77013001, 62648, 50000, 20300, 400, 76992301, 0
302, 56696201, 63279, 50000, 17100, 700, 56678401, 0
303, 54978001, 63334, 50000, 15900, 600, 54961401, 0
304, 54489401, 60968, 50000, 20700, 400, 54468301, 0
305, 113149302, 63905, 50000, 17300, 700, 113131302, 0
306, 50351200, 61512, 50000, 17500, 500, 50333100, 0
307, 79325101, 64097, 50000, 20500, 300, 79304301, 0
308, 50934901, 61786, 50000, 16700, 300, 50917901, 0
309, 52703800, 61817, 50000, 15700, 300, 52687700, 0
310, 96254801, 63233, 50000, 20500, 400, 96233801, 0
311, 92812001, 62503, 50000, 32500, 400, 92779001, 0
312, 76690301, 64110, 50000, 21400, 400, 76668401, 0
313, 51696300, 61957, 50000, 17100, 400, 51678800, 0
314, 49385401, 61086, 50000, 14200, 400, 49370801, 0
315, 72288701, 64353, 50000, 25100, 300, 72263201, 0
316, 1373889318, 69275, 50000, 40600, 1005072713, 368775905, 1
317, 272728703, 64738, 50000, 839500, 300, 271888903, 0
318, 103984301, 64655, 50000, 16500, 400, 103967401, 0
319, 199479603, 64741, 50000, 254200, 400, 199225003, 0
320, 97530001, 63742, 50000, 17000, 400, 97512601, 0
321, 149941002, 64143, 50000, 16800, 300, 149923902, 0
322, 1359126283, 66239, 50000, 43600, 1075315979, 283766704, 1
323, 65128098, 52880, 50000, 632400, 300, 64495298, 0
324, 111253897, 55558, 50000, 18900, 300, 111234597, 0
325, 63286498, 54028, 50000, 15300, 400, 63270798, 0
326, 81686298, 55794, 50000, 18900, 500, 81666898, 0
327, 63858299, 54185, 50000, 17600, 500, 63840199, 0
328, 160315095, 55249, 50000, 18600, 400, 160296095, 0
329, 85235098, 55065, 50000, 16900, 300, 85217898, 0
330, 136450796, 57190, 50000, 18400, 300, 136432096, 0
331, 63740598, 54305, 50000, 19000, 300, 63721198, 0
332, 80926698, 54871, 50000, 18600, 300, 80907698, 0
333, 119187696, 57770, 50000, 17500, 300, 119169896, 0
334, 259324193, 64437, 50000, 16500, 600, 259307093, 0
335, 46706498, 57113, 50000, 15900, 400, 46690198, 0
336, 221839993, 55353, 50000, 36900, 600, 221802393, 0
337, 118955396, 57736, 50000, 18400, 400, 118936496, 0
338, 65848198, 54186, 50000, 16100, 300, 65831698, 0
339, 61322898, 55262, 50000, 15500, 300, 61306998, 0
340, 707116980, 56073, 50000, 190027994, 300, 517088586, 0
341, 156242796, 58264, 50000, 565600, 300, 155676896, 0
342, 64730798, 54520, 50000, 21500, 400, 64708898, 0
343, 67860998, 59378, 50000, 20200, 400, 67840298, 0
344, 78633798, 57041, 50000, 21500, 300, 78611898, 0
345, 49611198, 56807, 50000, 19000, 400, 49591798, 0
346, 199520094, 60098, 50000, 20300, 300, 199499394, 0
347, 264746292, 63488, 50000, 19600, 300, 264726292, 0
348, 280722392, 55189, 50000, 21300, 400, 280700692, 0
349, 132766202, 58629, 50000, 17200, 400, 132748602, 0
350, 49383200, 59937, 50000, 46100, 500, 49336600, 0
351, 168536102, 55639, 50000, 17100, 300, 168518702, 0
352, 50786300, 56435, 50000, 17900, 300, 50768100, 0
353, 107779601, 53806, 50000, 19100, 400, 107760101, 0
354, 61960100, 56181, 50000, 20600, 400, 61939100, 0
355, 84228500, 60197, 50000, 21000, 400, 84207000, 0
356, 72365201, 59331, 50000, 17500, 400, 72347301, 0
357, 52322001, 57152, 50000, 19400, 400, 52302201, 0
358, 51246400, 57359, 50000, 17200, 400, 51228800, 0
359, 61763401, 60909, 50000, 17100, 400, 61745801, 0
360, 58522100, 58605, 50000, 20200, 400, 58501400, 0
361, 92893201, 57303, 50000, 20700, 400, 92872101, 0
362, 179247001, 60805, 50000, 19200, 300, 179227401, 0
363, 256221203, 61480, 50000, 17200, 400, 256203603, 0
364, 147795101, 56812, 50000, 15700, 400, 147779001, 0
365, 1164899411, 58543, 50000, 134524001, 400, 1030375010, 0
366, 895163109, 59081, 50000, 325300, 600, 894837109, 0
367, 1395222813, 64665, 50000, 35400, 823340708, 571846605, 1
368, 187625102, 57271, 50000, 486900, 400, 187137702, 0
369, 140559801, 57356, 50000, 16900, 300, 140542601, 0
370, 1145342314, 68407, 50000, 38200, 818718911, 326585203, 1
371, 222818503, 60589, 50000, 640700, 300, 222177403, 0
372, 139878702, 60201, 50000, 19300, 400, 139858902, 0
373, 102716102, 54883, 50000, 16300, 300, 102699502, 0
374, 122251501, 54586, 50000, 17300, 300, 122233901, 0
375, 59411701, 58906, 50000, 30000, 900, 59380801, 0
376, 122530902, 61020, 50000, 17500, 400, 122512902, 0
377, 151809702, 58788, 50000, 18500, 500, 151790702, 0
378, 134660701, 60768, 50000, 29300, 400, 134631001, 0
379, 126108302, 62112, 50000, 14800, 400, 126093102, 0
380, 215513103, 58106, 50000, 18200, 600, 215494203, 0
381, 66697301, 60644, 50000, 17300, 500, 66679501, 0
382, 195569003, 59025, 50000, 18300, 300, 195550303, 0
383, 114756502, 58266, 50000, 20500, 400, 114735502, 0
384, 141479402, 62257, 50000, 17300, 900, 141461202, 0
385, 109364502, 60614, 50000, 19100, 300, 109345002, 0
386, 85565701, 58885, 50000, 15700, 500, 85549501, 0
387, 99404201, 59717, 50000, 17500, 300, 99386401, 0
388, 104640302, 61402, 50000, 16500, 500, 104623302, 0
389, 81719401, 58710, 50000, 15500, 500, 81703401, 0
390, 109025802, 60178, 50000, 18300, 400, 109007102, 0
391, 124409101, 62456, 50000, 16700, 400, 124391901, 0
392, 1342090717, 63952, 50000, 263992103, 300, 1078098214, 0
393, 138996602, 58701, 50000, 438400, 400, 138557802, 0
394, 71903301, 59396, 50000, 17300, 400, 71885601, 0
395, 83648201, 59172, 50000, 20700, 300, 83627101, 0
396, 68637501, 59720, 50000, 21600, 300, 68615601, 0
397, 53095501, 59870, 50000, 16700, 400, 53078301, 0
398, 272601804, 61827, 50000, 20200, 800, 272580804, 0
399, 113966002, 62974, 50000, 20100, 400, 113945502, 0
400, 59360500, 62860, 50000, 18400, 400, 59341700, 0
401, 144763102, 58381, 50000, 16300, 400, 144746402, 0
402, 74305201, 60176, 50000, 19600, 300, 74285201, 0
403, 69785501, 63107, 50000, 16700, 400, 69768401, 0
404, 81253801, 64166, 50000, 16800, 300, 81236701, 0
405, 67531201, 64331, 50000, 19800, 400, 67511001, 0
406, 70085601, 60996, 50000, 21600, 300, 70063701, 0
407, 53892801, 60151, 50000, 19800, 300, 53872701, 0
408, 73816501, 63125, 50000, 20900, 400, 73795101, 0
409, 50894400, 61360, 50000, 18700, 400, 50875300, 0
410, 50636200, 60588, 50000, 20700, 500, 50614900, 0
411, 48895201, 61776, 50000, 20700, 400, 48874001, 0
412, 61038600, 64666, 50000, 79000, 400, 60959200, 0
413, 49488501, 61082, 50000, 16500, 300, 49471601, 0
414, 173015302, 58911, 50000, 16900, 300, 172998102, 0
415, 63804401, 62056, 50000, 17500, 300, 63786601, 0
416, 63586500, 63938, 50000, 17100, 400, 63569000, 0
417, 213885203, 56740, 50000, 16200, 400, 213868603, 0
418, 118214301, 64466, 50000, 21400, 400, 118192501, 0
419, 64539201, 62686, 50000, 17600, 400, 64521201, 0
420, 53257701, 63172, 50000, 17600, 300, 53239701, 0
421, 66641701, 61635, 50000, 21000, 400, 66620301, 0
422, 62781201, 65217, 50000, 20700, 300, 62760101, 0
423, 56745401, 62384, 50000, 20300, 400, 56724701, 0
424, 1005771011, 64132, 50000, 288363303, 400, 717407208, 0
425, 134791001, 61626, 50000, 297300, 400, 134493301, 0
426, 177499702, 62421, 50000, 15700, 300, 177483702, 0
427, 165485502, 60996, 50000, 20200, 400, 165464802, 0
428, 126076301, 61279, 50000, 15600, 500, 126060101, 0
429, 181366402, 64061, 50000, 20300, 300, 181345802, 0
430, 186715202, 65288, 50000, 14700, 400, 186700102, 0
431, 147183002, 63613, 50000, 18100, 400, 147164502, 0
432, 157354701, 64676, 50000, 16300, 300, 157338001, 0
433, 173014402, 65572, 50000, 19400, 300, 172994602, 0
434, 137543602, 62932, 50000, 17300, 300, 137526002, 0
435, 119358901, 61988, 50000, 15800, 700, 119342401, 0
436, 160325202, 64812, 50000, 16700, 400, 160308002, 0
437, 180544402, 65617, 50000, 19400, 300, 180524702, 0
438, 147499502, 64057, 50000, 16900, 400, 147482102, 0
439, 178533902, 66049, 50000, 18100, 400, 178515402, 0
440, 161008803, 64728, 50000, 17100, 300, 160991403, 0
441, 178672904, 66219, 50000, 18900, 300, 178653604, 0
442, 160425704, 65589, 50000, 16600, 400, 160408704, 0
443, 157392505, 63286, 50000, 18500, 300, 157373705, 0
444, 102076102, 63722, 50000, 15000, 500, 102060602, 0
445, 164988305, 66113, 50000, 20000, 400, 164967905, 0
446, 210313705, 64081, 50000, 16900, 300, 210296405, 0
447, 127661103, 63768, 50000, 19600, 400, 127641003, 0
448, 212359306, 64752, 50000, 18200, 400, 212340606, 0
449, 84152602, 66788, 50000, 17700, 300, 84134502, 0
450, 201082905, 66107, 50000, 18300, 600, 201064005, 0
451, 177388804, 63956, 50000, 15900, 400, 177372504, 0
452, 159534104, 65587, 50000, 16000, 300, 159517804, 0
453, 1679933744, 70297, 50000, 37900, 1164832530, 515063214, 1
454, 229871406, 65761, 50000, 665600, 400, 229205406, 0
455, 110647603, 67185, 50000, 20400, 600, 110626603, 0
456, 168462104, 67021, 50000, 16600, 300, 168445104, 0
457, 1875432649, 63993, 50000, 527599314, 600, 1347832735, 0
458, 263172207, 64756, 50000, 599100, 300, 262572707, 0
459, 73740402, 63334, 50000, 18200, 400, 73721802, 0
460, 1087576721, 66648, 50000, 41600, 840591615, 246943406, 1
461, 134445502, 53709, 50000, 600800, 300, 133844402, 0
462, 121999501, 52381, 50000, 34200, 500, 121964801, 0
463, 196890302, 57824, 50000, 17900, 300, 196872102, 0
464, 46377500, 52227, 50000, 16400, 400, 46360600, 0
465, 57050000, 52232, 50000, 18900, 300, 57030700, 0
466, 57136101, 54115, 50000, 14400, 400, 57121301, 0
467, 74746801, 53499, 50000, 19000, 600, 74727201, 0
468, 1477060016, 68350, 50000, 40000, 909412410, 567607606, 1
469, 214346803, 55645, 50000, 643000, 300, 213703503, 0
470, 1644948018, 66265, 50000, 36700, 1241799414, 403111904, 1
471, 105954501, 52898, 50000, 788800, 400, 105165301, 0
472, 75654601, 51697, 50000, 35400, 400, 75618801, 0
473, 54800001, 52507, 50000, 16400, 300, 54783201, 0
474, 209654502, 55381, 50000, 17300, 300, 209636902, 0
475, 43414800, 51733, 50000, 16100, 500, 43398100, 0
476, 57764701, 51820, 50000, 17800, 400, 57746401, 0
477, 77616901, 52068, 50000, 18500, 400, 77598001, 0
478, 125673702, 55435, 50000, 20000, 300, 125653302, 0
479, 78375201, 55139, 50000, 21300, 400, 78353501, 0
480, 117080602, 56186, 50000, 22000, 400, 117058202, 0
481, 181585402, 56434, 50000, 16900, 300, 181568102, 0
482, 173893002, 63043, 50000, 19300, 400, 173873302, 0
483, 158033301, 56113, 50000, 21500, 400, 158011301, 0
484, 236928803, 59314, 50000, 17200, 500, 236911103, 0
485, 64044601, 54150, 50000, 17200, 400, 64027001, 0
486, 73755201, 54713, 50000, 20300, 700, 73734101, 0
487, 329314404, 66459, 50000, 21000, 300, 329293104, 0
488, 1746075817, 71401, 50000, 152610501, 1126956311, 466508905, 1
489, 170567902, 55167, 50000, 1520200, 500, 169047202, 0
490, 207007502, 51682, 50000, 20000, 700, 206986702, 0
491, 363201804, 57291, 50000, 20400, 400, 363180904, 0
492, 297094203, 53403, 50000, 20100, 700, 297073403, 0
493, 125996301, 56736, 50000, 21500, 400, 125974401, 0
494, 316361003, 56420, 50000, 26200, 800, 316334003, 0
495, 1595575616, 53974, 50000, 19700, 500, 1595555416, 0
496, 322203603, 56139, 50000, 21100, 700, 322181803, 0
497, 229375203, 55466, 50000, 27500, 600, 229347103, 0
498, 314300700, 57120, 50000, 22900, 500, 314277200, 0
499, 288934999, 56151, 50000, 22300, 400, 288912199, 0
500, 118343699, 57304, 50000, 32300, 500, 118310799, 0
