rq,heat,bar,admitted
1,1.0000,1.5000,0
2,1.0000,1.5000,0
3,1.8633,2.1725,0
4,2.6162,2.8494,0
5,3.5893,3.5269,1
6,3.9954,4.2962,0
7,5.1065,4.9883,1
8,5.9403,5.6804,1
9,6.6119,6.4501,1
10,7.7047,7.1418,1
11,8.1795,7.9111,1
12,9.7017,8.6031,1
13,1.0000,6.3694,0
14,1.0000,5.2057,0
15,9.4304,5.5651,1
16,10.4604,5.9247,1
17,11.4401,6.2842,1
18,11.8442,6.6855,1
19,13.6746,7.0449,1
20,1.0000,5.8771,0
21,11.9804,6.1941,1
22,14.7115,6.5122,1
23,16.3646,6.7971,1
24,17.0667,7.0823,1
25,18.2182,7.3671,1
26,1.0000,6.4298,0
27,17.5985,6.6693,1
28,17.2558,6.9077,1
29,20.7262,7.1461,1
30,21.7017,7.3845,1
31,19.6447,7.6227,1
32,20.3821,7.8619,1
33,1.9891,8.0868,0
34,23.6207,8.3258,1
35,22.4832,8.5637,1
36,24.6065,8.8295,1
37,5.3421,7.5538,0
38,3.7086,7.6049,0
39,26.7354,7.7947,1
40,25.2211,7.9843,1
41,28.6620,8.1748,1
42,9.1955,8.5524,1
43,30.0757,8.7428,1
44,28.7431,8.9331,1
45,30.3491,9.1450,1
46,30.8035,9.3347,1
47,32.7274,9.5244,1
48,34.5777,9.7148,1
49,34.3697,9.9052,1
50,35.2152,10.0949,1
51,34.7057,10.3068,1
52,37.1385,10.4965,1
53,39.0302,10.6869,1
54,16.9548,11.0651,1
55,40.6710,11.2549,1
56,39.0641,11.4454,1
57,42.5668,11.6359,1
58,4.3070,11.7811,0
59,1.0846,9.7539,0
60,40.7436,9.9051,1
61,1.6647,9.7280,0
62,41.5796,9.8914,1
63,37.8742,10.0383,1
64,46.1218,10.1846,1
65,45.0738,10.3315,1
66,45.3497,10.4948,1
67,48.8614,10.6417,1
68,46.3518,10.7880,1
69,47.5824,10.9349,1
70,49.0200,11.0812,1
71,50.3832,11.2281,1
72,49.9371,11.3750,1
73,53.9942,11.5213,1
74,52.6450,11.6676,1
75,52.9336,11.8309,1
76,56.7700,11.9772,1
77,57.9311,12.1235,1
78,48.6040,12.2703,1
79,57.3081,12.4172,1
80,60.3239,12.5642,1
81,53.5482,12.7275,1
82,62.0976,12.8744,1
83,60.7468,13.0207,1
84,54.4024,13.1671,1
85,56.7728,13.3305,1
86,1.3111,12.6309,0
87,58.1851,12.7846,1
88,61.0340,12.9223,1
89,1.9561,12.6750,0
90,8.6829,12.9394,0
91,62.2521,13.0722,1
92,62.2285,13.2056,1
93,66.8279,13.3390,1
94,64.6598,13.4719,1
95,65.8904,13.6204,1
96,71.7416,13.7533,1
97,68.8793,13.9017,1
98,61.7426,14.0351,1
99,65.1067,14.1836,1
100,72.7433,14.3171,1
101,75.6250,14.4500,1
102,71.4195,14.5984,1
103,66.4420,14.7313,1
104,74.7328,14.8804,1
105,79.2382,15.0134,1
106,77.1180,15.1469,1
107,2.5893,15.2185,0
108,79.0783,15.3514,1
109,75.9775,15.4844,1
110,82.9788,15.6173,1
111,83.8563,15.7503,1
112,78.9486,15.8981,1
113,81.6598,16.0465,1
114,86.8113,16.1790,1
115,2.5594,15.8977,0
116,7.8491,16.0267,0
117,87.8178,16.1563,1
118,88.8922,16.2859,1
119,78.5384,16.4300,1
120,83.7576,16.5747,1
121,4.0626,16.7036,0
122,91.6739,16.8331,1
123,89.4037,16.9627,1
124,90.5922,17.0921,1
125,91.3126,17.2216,1
126,91.4836,17.3513,1
127,2.0006,17.2834,0
128,93.7603,17.4110,1
129,25.9123,17.5535,1
130,86.0254,17.6960,1
131,89.9621,17.8390,1
132,98.5016,17.9667,1
133,2.5100,18.0940,0
134,85.7656,18.2217,1
135,87.0412,18.3493,1
136,3.7678,18.4771,0
137,19.1412,18.6052,1
138,93.4391,18.7477,1
139,100.4704,18.8752,1
140,103.1001,19.0034,1
141,93.3331,19.1315,1
142,94.8408,19.2595,1
143,90.2689,19.3876,1
144,97.5959,19.5158,1
145,98.9443,19.6588,1
146,3.3563,19.7864,0
147,98.8311,19.9139,1
148,41.9145,20.1678,1
149,109.6130,20.2959,1
150,97.5732,20.4385,1
151,111.2030,20.5660,1
152,112.4599,20.6942,1
153,113.6269,20.8218,1
154,100.8881,20.9642,1
155,105.7964,21.0918,1
156,22.3690,21.3605,1
157,6.0527,21.4884,0
158,111.5375,21.6165,1
159,111.4368,21.7590,1
160,4.9199,21.8863,0
161,108.3140,22.0138,1
162,107.9608,22.1419,1
163,115.0013,22.2701,1
164,103.4195,22.3977,1
165,117.3544,22.5252,1
166,112.0999,22.6528,1
167,38.7595,22.7803,1
168,4.8824,22.9075,0
169,123.4414,23.0351,1
170,3.8584,23.1773,0
171,124.1904,23.3055,1
172,106.8076,23.4337,1
173,116.0507,23.5618,1
174,112.2516,23.7043,1
175,5.8797,23.8314,0
176,127.3254,23.9590,1
177,109.7240,24.0871,1
178,119.2662,24.2152,1
179,6.6131,24.3573,0
180,110.8299,24.4854,1
181,5.2684,24.6125,0
182,119.0899,24.7406,1
183,112.5963,24.8687,1
184,132.0899,24.9967,1
185,122.4478,25.1243,1
186,133.8685,25.2525,1
187,130.9512,25.3806,1
188,18.3091,25.6342,0
189,135.6804,25.7618,1
190,130.3477,25.9049,1
191,131.4330,26.0472,1
192,138.9198,26.1753,1
193,124.0787,26.3184,1
194,134.0557,26.4614,1
195,128.2824,26.5895,1
196,142.6085,26.7175,1
197,143.4788,26.8456,1
198,130.9461,26.9737,1
199,4.0770,27.1008,0
200,140.3325,27.2284,1
201,135.2444,27.3565,1
202,124.6667,27.4845,1
203,134.8812,27.6125,1
204,148.9516,27.7400,1
205,136.7058,27.8680,1
206,150.4362,27.9962,1
207,144.8627,28.1243,1
208,152.0975,28.2525,1
209,141.6904,28.3956,1
210,112.6082,28.5381,1
211,130.9480,28.6662,1
212,144.0821,28.7944,1
213,156.1914,28.9220,1
214,146.3912,29.0644,1
215,158.0805,29.1920,1
216,136.5851,29.3196,1
217,159.7165,29.4472,1
218,161.2951,29.5748,1
219,155.8492,29.7023,1
220,162.7447,29.8305,1
221,11.3829,30.0847,0
222,164.1102,30.2123,1
223,141.1288,30.3399,1
224,145.4616,30.4824,1
225,6.8816,30.6095,0
226,160.7317,30.7375,1
227,167.1629,30.8657,1
228,142.5513,30.9938,1
229,155.7741,31.1368,1
230,165.1914,31.2644,1
231,170.9601,31.3920,1
232,4.6357,31.5195,0
233,151.1673,31.6619,1
234,160.0969,31.8044,1
235,157.0514,31.9324,1
236,157.7433,32.0605,1
237,150.2294,32.1881,1
238,175.4233,32.3162,1
239,160.9409,32.4442,1
240,171.7522,32.5723,1
241,6.4021,32.6999,0
242,157.1495,32.8423,1
243,178.8947,32.9704,1
244,173.9253,33.0980,1
245,167.8639,33.2405,1
246,172.9209,33.3829,1
247,54.1790,33.6368,1
248,156.1585,33.7649,1
249,184.5135,33.8925,1
250,171.8044,34.0350,1
251,179.5155,34.1625,1
252,187.3351,34.2901,1
253,2.9425,34.4173,0
254,159.7856,34.5454,1
255,171.4320,34.6735,1
256,175.1130,34.8015,1
257,167.1344,34.9441,1
258,5.5887,35.0864,0
259,181.4784,35.2288,1
260,7.5855,35.3562,0
261,165.3496,35.4838,1
262,9.1628,35.6116,0
263,179.0629,35.7540,1
264,184.1986,35.8964,1
265,10.1880,36.0237,0
266,186.8595,36.1518,1
267,190.6463,36.2794,1
268,188.2692,36.4077,1
269,2.0746,36.6830,0
270,180.9323,36.8105,1
271,188.3701,36.9536,1
272,182.3434,37.0812,1
273,193.7805,37.2092,1
274,200.3380,37.3374,1
275,171.1881,37.4655,1
276,201.8345,37.5931,1
277,175.4491,37.7207,1
278,9.1339,37.8478,0
279,62.1264,37.9753,1
280,181.4245,38.1184,1
281,204.3400,38.2461,1
282,189.6607,38.3743,1
283,190.6607,38.5024,1
284,11.6654,38.6294,0
285,193.1286,38.7720,1
286,178.4827,38.9000,1
287,209.4157,39.0282,1
288,194.1899,39.1564,1
289,187.0600,39.2988,1
290,8.7956,39.4263,0
291,88.8286,39.5688,1
292,206.0329,39.6964,1
293,189.1425,39.8388,1
294,183.7381,39.9669,1
295,5.9935,40.0943,0
296,9.3740,40.2218,0
297,185.1764,40.3500,1
298,197.4298,40.4776,1
299,192.1206,40.6200,1
300,194.1655,40.7631,1
301,218.2442,40.8906,1
302,202.7161,41.0331,1
303,203.6417,41.1756,1
304,196.5340,41.3181,1
305,202.2384,41.4457,1
306,214.7890,41.5738,1
307,202.8241,41.7019,1
308,217.7577,41.8295,1
309,218.8273,41.9571,1
310,226.2313,42.0847,1
311,221.5350,42.2127,1
312,211.1990,42.3552,1
313,220.5920,42.4834,1
314,198.5189,42.6115,1
315,213.2941,42.7541,1
316,9.8026,42.8819,0
317,212.1783,43.0101,1
318,214.0190,43.1531,1
319,210.9794,43.2811,1
320,233.6277,43.4092,1
321,13.0647,43.5363,0
322,84.0401,43.8050,1
323,214.3825,43.9331,1
324,224.6977,44.0761,1
325,220.7063,44.2186,1
326,226.7190,44.3610,1
327,222.4293,44.5035,1
328,48.5086,44.7572,1
329,240.3010,44.8853,1
330,233.9233,45.0129,1
331,222.7461,45.1405,1
332,225.0960,45.2835,1
333,236.6153,45.4111,1
334,3.2461,45.6857,0
335,239.3086,45.8133,1
336,7.8311,45.9408,0
337,239.1207,46.0688,1
338,223.5494,46.1969,1
339,229.3188,46.3400,1
340,248.0973,46.4676,1
341,241.2268,46.5952,1
342,227.1503,46.7232,1
343,214.0635,46.8513,1
344,251.7011,46.9794,1
345,252.6220,47.1075,1
346,3.9187,47.3826,0
347,13.7046,47.5104,0
348,230.1426,47.6384,1
349,247.3492,47.7665,1
350,225.3870,47.9090,1
351,9.5601,48.0370,0
352,238.2170,48.1795,1
353,100.7564,48.4339,1
354,237.1889,48.5614,1
355,248.0334,48.6895,1
356,252.2401,48.8176,1
357,242.6101,48.9602,1
358,260.6901,49.0877,1
359,225.6192,49.2153,1
360,262.8308,49.3436,1
361,244.3920,49.4866,1
362,4.8996,49.7618,0
363,227.5006,49.8894,1
364,10.5813,50.0168,0
365,265.2348,50.1450,1
366,253.4011,50.2880,1
367,3.1065,49.8075,0
368,246.6089,49.9335,1
369,247.9173,50.0601,1
370,14.1152,50.2005,0
371,260.7159,50.3265,1
372,256.6694,50.4672,1
373,13.3965,50.5928,0
374,15.5129,50.7192,0
375,270.7732,50.8452,1
376,263.5167,50.9717,1
377,253.7860,51.1126,1
378,267.1907,51.2386,1
379,243.0707,51.3799,1
380,6.0633,51.6518,0
381,262.2147,51.7926,1
382,256.2022,51.9339,1
383,251.6855,52.0605,1
384,267.8165,52.1871,1
385,279.6147,52.3131,1
386,256.8833,52.4391,1
387,261.5159,52.5798,1
388,268.0433,52.7206,1
389,257.2518,52.8470,1
390,283.0535,52.9731,1
391,275.5747,53.0991,1
392,7.4187,53.2250,0
393,259.6072,53.3515,1
394,265.4323,53.4781,1
395,264.8214,53.6041,1
396,266.8877,53.7307,1
397,268.5446,53.8573,1
398,9.1559,53.9980,0
399,279.5760,54.1240,1
400,280.8883,54.2505,1
401,6.8794,54.5220,0
402,269.6269,54.6480,1
403,282.6496,54.7745,1
404,251.5464,54.9006,1
405,248.8492,55.0271,1
406,274.4114,55.1678,1
407,270.2145,55.2943,1
408,287.7619,55.4208,1
409,277.6330,55.5616,1
410,275.6718,55.6875,1
411,298.6862,55.8136,1
412,257.3014,55.9397,1
413,279.6870,56.0663,1
414,12.5129,56.1922,0
415,301.1361,56.3187,1
416,292.1720,56.4447,1
417,6.9581,56.5706,0
418,290.6062,56.6972,1
419,304.6076,56.8233,1
420,290.0214,56.9639,1
421,285.0680,57.0906,1
422,269.0767,57.2313,1
423,307.2249,57.3573,1
424,299.5546,57.4839,1
425,288.6901,57.6246,1
426,311.0245,57.7506,1
427,284.7426,57.8772,1
428,288.7152,58.0032,1
429,303.6418,58.1298,1
430,269.0779,58.2559,1
431,299.1674,58.3965,1
432,305.0052,58.5226,1
433,278.1512,58.6633,1
434,316.8015,58.7894,1
435,293.3789,58.9154,1
436,309.2888,59.0419,1
437,282.5034,59.1832,1
438,320.7242,59.3099,1
439,282.7438,59.4506,1
440,306.5193,59.5913,1
441,284.6194,59.7322,1
442,314.1070,59.8582,1
443,54.6412,59.9847,0
444,324.5613,60.1113,1
445,289.2453,60.2527,1
446,326.8267,60.3793,1
447,306.0075,60.5201,1
448,10.4823,60.6460,0
449,289.9262,60.7869,1
450,320.0677,60.9129,1
451,308.1984,61.0537,1
452,324.1778,61.1798,1
453,7.7845,61.4511,0
454,325.1173,61.5772,1
455,282.7208,61.7037,1
456,295.8269,61.8444,1
457,12.5789,61.9710,0
458,318.8965,62.1122,1
459,311.2131,62.2387,1
460,291.0464,62.3648,1
461,336.1687,62.4909,1
462,322.2622,62.6321,1
463,5.4429,62.6503,0
464,332.6424,62.7761,1
465,333.5341,62.9019,1
466,317.6780,63.0424,1
467,341.8723,63.1687,1
468,3.2941,63.2941,0
469,313.0026,63.4204,1
470,10.8695,63.5466,0
471,336.8499,63.6724,1
472,293.9416,63.7987,1
473,336.6940,63.9251,1
474,8.9017,64.0513,0
475,296.0051,64.1776,1
476,308.8684,64.3186,1
477,335.8614,64.4450,1
478,323.8073,64.5855,1
479,348.8603,64.7114,1
480,322.9188,64.8373,1
481,4.8412,64.9633,0
482,94.2854,65.2284,1
483,325.7875,65.3547,1
484,13.9813,65.4804,0
485,336.2677,65.6209,1
486,353.7401,65.7472,1
487,9.3836,65.8726,0
488,7.7629,65.9987,0
489,355.1662,66.1245,1
490,12.1003,66.2507,0
491,9.0848,66.3912,0
492,343.2790,66.5176,1
493,330.0379,66.6587,1
494,356.6068,66.7851,1
495,304.2715,66.9114,1
496,358.9069,67.0377,1
497,342.9792,67.1782,1
498,336.1246,67.3188,1
499,362.6856,67.4446,1
500,337.9942,67.5852,1
