query,start_key,end_key
1,rshDXJyrdhE4oXFh,y3BRsKJlGn2Aqiie
2,PsYk8kub3YLSqXi0,W7XKReEbsoCGewlY
3,eKYzharrH7pmv0Mj,kWqUmuxUHMDoBrcU
4,6LQ5EglQnsGlsyz1,CXr5W1GV9EqGQrcb
5,H5F8Ye3Ctod79CKS,NIWq9kk2IS5AfZpA
6,ETLYWtzyhhHbo9rx,KgtZa8Yzi45Jsi65
7,DNtxMmYkKiDsXqXZ,Jaz6B8iYdduoSctv
8,JxcFp9e2MdfLg6I8,QA8jSry6u848Rziq
9,ZchXMmOjS2u2l5ad,fpiO7fDBX40MBL93
10,ogXLcHd24HqIYKJq,uq6jAGsQ1kF1TYvL
11,agBj0nx8rTPWlk6m,gtAfGNZvJHopFESh
12,dd2SIQpRIisAs3um,jqD25131kgsdLRnN
13,75b0cZ3t8v6D6h5G,DHbcvBaxbjXWc14h
14,Q72blTOqyRm5ghc1,WLkCpKjs22gluh5Z
15,DFR3F4uL6lJI8KjI,JSRLAtdXAf0kO5ce
16,hIwmujzNanxrcx6K,nRYdVLpOiWmRzXym
17,6Lq6BXPg47W93HGK,CYNFsg3Op7BfslYh
18,GuM7xNmSZfrFUMqq,N7w2QMpCZ05wMZkw
19,d0I8evTi0l95kKqk,jCVrFmqVhk9DC5Nu
20,3zydFrhdP4PmyQI0,ACbGPJP7qiUSvzxo
21,PAlTv3LVXZL6r7pg,VOCULWWuFpXYTrRb
22,WRnVyxZpldK9vwqd,cfxd0qVqusXnuFzn
23,JDrqR5jfZDjmyUDG,PR4qSZdJeZED6r5g
24,AGWOid3g070sElUz,GSYZOMGRnThhxzWr
25,TYmKg7T8LFqwXH8B,ZnDPFqx5i5WvKuuI
26,msAXb4maR55N40s4,t1Ly8kpWOP6NSPp9
27,hNVXFyIU4IgRBOM6,nWIpbmRnk3HYhTmD
28,tfeQOdkTEby2BIXZ,zproUfWNGQkTsusC
29,IZ7ABNkCs2REoNlJ,Omqov1FJSTBE08Ee
30,PpRsWngL4pk4PiXi,W4lk0nh36XRWj4Iq
31,4fiBxueqco1eFZIz,AsZsDeW9AuyGSzOd
32,3ZSIQTZcQsfOGkrY,9mpcjQHwo0yf1z8u
33,HQUZnOVS1nylhmbc,NeIuGyDtqtMyJaOf
34,NSy0TjpJRFvPbzs4,ThHlEO6hkHMW8Isc
35,AW2EVJkPITsJ2a7M,GhlCeyAPGAh5H3q4
36,FhzMuCodvk4B6UwM,LuzRYAiWqBvInj04
37,hMKfaD0mGHBAohS8,nUuuHBje60gFA56g
38,GehXmbelPm5ClNyh,MqzRSL2s0JIFVR2n
39,FOLU5nycFLqoLOEI,LbAfj2M4qUAKP43h
40,58nVRBpKfdYpS4NZ,BL3YAmN6rAICzmMu
41,6sUkhWarAxunZreh,D4zVbOuVdMUzAxjq
42,gMtic7LRvefXcsBK,mZDgoR1BqalSaMtY
43,G3FqZqAH50Dndm7u,MFpdzyqdtG61zvRx
44,tSi7hCKQOxnDPiDY,zdXdbXyCMixWiOKA
45,GdPfWuh1bL0N1R0E,MpTzyAz7iFDYWVHT
46,Cm7vtUjf2gSF8GbH,IyoUZSBnQBktOmxU
47,UIn0KR5EH5gYTawL,aXtcsOcvLkZqMKVI
48,h63NvayB8RsDJkPv,nFEETvEQVwlaQ6j9
49,0YTx2Wxvlv80D9Se,6myzQebc9vwevidj
50,JZswVLV0d9bVr8BG,PmcPcxIUJwV3yX5U
51,RhIZIWMN2ceos9zw,Xw1sQni9DPxDjSNK
52,Wer0ShlLM6dGKEAa,cstzTwwEZEPVWMVU
53,NYvtTpeQsVSGjD5H,TnEFeIXyoZB7jmNj
54,jwAv4FbPUNDHq5Mu,q5zQfXPaHd1UqMzz
55,FaZBPVjVsqqsCbnJ,LnEfKuAfJA18ScyQ
56,9OYGtyQvwhGoHXL6,FZewgw0ojMCBLKz8
57,dK4409Kn57J5FRn3,jX7hR9BvCbzaF5Aq
58,EAhOM5LgTukGKFfo,KOVPRxgWGE6okkQC
59,cVW3oUvPKXS7kGsL,iiAx1BMkRk6Cb0Wx
60,SCzvJEYALKxxGerx,YRmZay2cLTRg9jPw
61,3RMYYTxEyafLGJNc,9f1JC6kvCVeBRIcC
62,n95AqE09ospZ3bFV,tI4RAxukLRhD7utl
63,e5apy6oJqEivG3n7,kILnZfhLS72Qt0U8
64,0NsXXkWSfURWro2C,6cWkXrsJsxK0fan7
65,M7mpckaQIsX7krpt,SML9ydNecBNP0X3P
66,7vsYACpIBr5kfX9g,E7M4tyOWGpmi0YIc
67,ZYqC6XFu9C4wvj0p,flgfegH39cSoGMXL
68,K4XJI8nhLZeylWtP,QGrxdT61Mu4ibvra
69,BIymQkT94Xs4WF7d,HVWONAQIpXvmJ6An
70,PtwK9iqEf2plIwFU,W9BkwTqggG7aAmjo
71,sJWpm0RxVoBVk3QC,yTmONDEm9LAAhROk
72,Ua2fpAEH5PM74G4g,apFqA66mdUDmNkl0
73,bh6Fs4jORAA3OVs4,htvBDa5a5SCzHRjk
74,Cp1O9osJHTGjxi2l,J1dlyHUMnVyvwTGf
75,8CllnsnKN2LqtBkL,EO5nlqAooJCUCEW3
76,NoaPZj991sOQUGQd,U3SADQEm03dbAFLJ
77,gZ2TA1dG1YLCbdAw,mkLSLHvNMZ60gPwR
78,LJj2CLv1B3rvNj9T,RWvZmR9VhyAxrfWR
79,DoXqScEtrH8L85EM,K1z3f5BSFQfAcuby
80,V3tbTJeZvQ1Jchee,bJJHza1LafrZDmVT
81,1eIMdGf5WspOoYdR,7tjL3gjjCaG3cpm3
82,JCocsnQKeYVq5js3,PQ34Os5WXsiktNAu
83,0Bk26hK0HtCUaMdO,6Q1b1HHXZdpxhafa
84,6XjOPNBAUDGlAReo,CkHWrLdClmadrpF6
85,5TCneQ2vypIHJl3b,Bf0ce56DY43N9pCP
86,kQmpd8fHGJOAZdnc,qZR1ojtuca9bZuMJ
87,7RQyEyiDBMyRoOhe,Dcu0YKW7WQEbUE5g
88,pQd6YPLEbw3nFZru,vbCJBGB85NE9qD9a
89,B31GS1W3BE8Tso8r,HFGa935bakQFVOiB
90,4LlELQK32GXdMozd,AYajqresO2mhN7NP
91,GR9PKOUewJGriVda,MdA80vam1Q4MICkv
92,nA2AxFO0Y7F4ErHk,tIyzUfqfQ5ylVnpE
93,pgKQ4c5c5oMSKYIT,vqTTJuXQEC5a6Tzm
94,mWwc0YiG7w0g4zDD,sfUcLHJtsk7J4vxV
95,bBMQpGyEdeVbAN7B,hPKAyEgqCgGCfBAQ
96,4Q9z7Rhbs871NipM,AdYOjjnXTmXOC5YU
97,gJ4gMFylOUGSA3IC,mVcVni7XH13DvAGB
98,aFrL8QStnj6nDjNH,gRwXV1ukCuLyvaca
99,dWbsP1nrOB0Q3g9A,jjLSrtDZQGz5L6t8
100,GXgVErhR41MTpM23,MjcN5C3umyhByfAC
101,JW1dFcS8BAHwieqt,PiiC3OdJzEMCZgDG
102,CzxIYtiLMTvhB0QZ,JCpsJc7rKapo0sre
103,483SCxEUdhAEhwfX,AL8ZLgEeNFcAwDC4
104,DFh5lOlOs7blARPZ,JSdKKaQUt1oQHwMO
105,IaXpHU16vl69wzbo,Oo3RdPiA8z9ARaVZ
106,byaENp0UtlWq2Zdn,iBANThqepA2nyM8P
107,TJXXFVKYpPAPJ16s,ZXqEXVsdgrU61wzy
108,etxDFjb7lLcSfYmf,l5GIsmX3LqYSC8KF
109,5QqiRh7I2XuicLFO,BcnRYbsBJW8xGAXf
110,LvDO1FTde23xabRy,S9ZKfblYum9ASidD
111,fiV15xJZSkukb2r7,lukAiekJfnA92xc1
112,P6DMsAbaPQ1xdk7K,VJTyJN8pgZ686ZSg
113,p7ZZz5EMKAUSC6in,vHpyA7SVENcKqLhR
114,KQbekwWJioNAlpYI,QcRJ2xAPW1cbJwNV
115,hTh7Uu5MpZwyEx9n,ncpVgAS0YodzUyOC
116,A2q0vIjGNgSncXEE,GEqMF3D7U11Lj5wZ
117,079pfcqGm4BKO3kj,6LNOGMmFHgifVRnj
118,OojQvFK5z58QQOKU,V2jgH05NWZQUFijs
119,oWfXRAY1hAIp3EJO,ufylJNwLPufIYLze
120,R0MXCTaXP1FEfTh0,XFlc9KB9vJWg3i0X
121,3BwMA8sS22PrAb54,9Qtb2lISaO2jEtl4
122,XeNpHpZKXyPV4hoE,drgVtWBaIjegTiky
123,BKeEjQo2H0Za98Hc,HXDSCtdbaKrg9uc7
124,J3896Kely0J5VRhb,PGfM4lSJ3AuyjRkj
125,pohLtSlQUtbhcgMx,vySVFog5EPgaxAYg
126,oNbtFJLCDXUyv4fD,uWr8lOcCfwdtUPvv
127,lgzhVXfTNZ6MQE0c,rpP2onwewe8KjHAB
128,V8e4hgg4lWuGnOr7,bOBNaQXsXLQCQhbF
129,ZFxbEnK0yBBoR21j,fSUcbb3te2T0lykx
130,ftwnYyUJpUt1dTxX,m685Bc6cgkHwbxyC
131,AsUGD7IEcnQXvWSh,H4r4YkShL6k8cE0H
132,R4YAlYjj4adZkqsm,XJbFXRZMVS351KRX
133,dJ8B3GNdvJFyUAkz,jWQKaKPpVtB2zwWL
134,KescRcq4aFpZNN16,QrXG8gSRp4aV8oUL
135,bSy8AvntC5cAki99,hgDkqqGPER5EYxur
136,iEJefivjnCDZmgPo,oO0OS4nBslsAuK3L
137,GAX0yWBhTPmhnUAC,MMVUpllrTpT3I6eY
138,Cv6NR348j5vKimKK,J81VU25VnhALpkc7
139,HFelAJlHDlnamOK3,NTbUt5Mwoldty4Z2
140,dEj82NUrFJ6GCsRM,jSI9bNGDNoBUKOnO
141,cDpBnetoEuS9NJ16,iQ80AE2aKh0khDNj
142,NWre6o7P7bhUhEc1,Tl4UIjqlnFBUqJeL
143,4ZuvjVklYv3CyMpK,AmbJ9JxAUv5wWF18
144,h6VsERSywFw0s1oG,nFeynruoHIPI6mUf
145,jeGZHKshl9h3wLJK,pnMgnKjWUR1NB620
146,0WwdkyL6shFxKycX,6lZ5xvVRWl2Mgpa9
147,7x0CmkU6M92Ncrsz,E8FCVwiujdDREwAo
148,kGbMxrsCNtI8mE4P,qPZI87ryDzFN7f7d
149,CeGKaTXXEgMch1rh,IrACYrF6cfOGYXOF
150,C1rDOLmXMLtcw122,IF7twIN60UOQnCuz
151,jgQGhoPTVnXvDVV6,ppQ70XO7xuC6QhVY
152,eUpK3WhTBHJ5ajqq,kgch87ZyecMEXV2S
153,tNxASEN37yzU543U,zYo7x0pXyxdVV5pE
154,1LKTPmGuUZDkDP5R,7bLDL7XWT6yLBGff
155,IDM907LYPmI73arT,ORA5RtbqpQQnpLUs
156,3javeQydbo3Y77mC,9wiMzMxH8cvGGQi5
157,dAFVNKzD5UEckyFb,jNObfE8SAfTyRcuy
158,EDu0yyt8Adlt7t8z,KRe3l3P5QyhSDlKl
159,4pD9N58IrDzfj96u,B2AOjsV78iAdfL2e
160,5IjwlZN4TiuQ48Dw,BUiDGEjNaV3XSocX
161,WkzJ9ZLGX613FOvH,cymRpSoDtQiWPAL4
162,pRlMm5i8tI5uwZaL,vcLGf9J0cgIcpRfg
163,J6S26WVNhDkk0ZNo,PJn3XlZblSoGCSDc
164,odEVhteL0gl54XaA,umRR7OwuQ5ORezCo
165,WIJ1XbIBbpG8hSao,cWfJqcR8gGNzqL6l
166,DwGfE97FfJBStRXK,K9g1zCxR83NUSTJ8
167,tBWLRy0OYRKCkGAr,zM75SdnGgIz9AOX2
168,b0ajFJ439Ad0ukEz,hEg8glOsM6rjy93v
169,6KS0qRer6jokFMVQ,CWtLmLJwewMERljE
170,e1dtwLLfakjZicOo,kEGx4qFqkmuLoFyY
171,XeqTcwvghd7KaZyh,ds9XKiy4WuYl5SWW
172,MA0ke8iirrhPrzML,SOUnUOoiS4877PPg
173,UFbhpTYfbzftMoFp,aUS5lk1WPnkevWT7
174,qy2vxgRnZDbcGFzc,x8UWi6YibdimrwvI
175,J22UfxG1OUrExxZV,PFcBVtgaLYyaxcXd
176,rD3Rcf7BV1rqKAL9,xO1HkrXjTYLwOuwx
177,FxmYflwrdUbFcgJA,MAIGySvboebzDkGh
178,SCpicBtN5gNnUMzh,YRcCBs1LPEAppQvO
179,HbsAb2vwofW542OB,NpuaY2e4yoI5Cu9S
180,23kCrAPtQeemuFmH,8JWd6RFsNw710AY9
181,S6zodhZwfx6maSiy,YLlTi4cGBrT5TXi2
182,EqMVzDfc1nlMVkFg,L4JhWgs9lz6uQm8g
183,rDJny49gkBD7ao6f,xOJTlHYmf5ZEXUge
184,YMkLNavnbhmNg45W,ea8UUqTA4O8oEMCL
185,jBnrpmMZvnRopdWz,pL2OAjFc2NOLqBBF
186,aw9rcjsJLFc2vuKr,h9qAJjB9gmr38zhA
187,oI29RdYArylrs2WE,uRXOCgRwVJp5i3CA
188,R1i4FQikxbXPepgL,XH4CR7hPph4BRpma
189,lwxfUdHw95f7K4U3,s5D2d9wkY5HgVbLX
190,qTwXXcCOqnh3lOIa,we1MmXBpVeZndL2A
191,L0LTGFoWJihL3SHz,RD9kemZDBkeyoC28
192,9ddLQKO3DboVrCxV,FpMkrfqeMAP4iG8d
193,sju4aeLXthAbGgRh,ytsZw2qeVEYX5pxV
194,rpcpwY7zy1nBD6Vo,y0EnvWSMeCXMp92B
195,IkM0cE59rgEOZvoC,OxmvgtpJViRNG9UB
196,gE3XLV624Kt8vN4e,mQcEEQ10Y5S1aJCB
197,pldz3P2jlt1KsDLw,vvnUoMSjnVSPsjEB
198,Gq15nnedo8MJ4s4N,N36dsGnwBGFlCo1k
199,YbfwqdCIi1g9zvFC,eoYTSmOEd5jLGH0O
200,69R4mjI6qsHLPLcP,CL5z5Vw2KVnnbkGN
201,4x0fSmjDGoxc3tCY,BA0C8lppPuwUMJy3
202,XhVZP4CfHUoqulTt,duhlD3WrIvWC0S4j
203,obnYqWBIFnRirYqi,ulFlwJWWx31LuJCn
204,0q9blleNBQ25x8Fo,75jABvpqSzQpRErX
205,QYHgTqZ6KGFhZxNG,WnOIlc7Rwq4qV3dP
206,e2bYhgm1MWE7BwNt,kFLsw7HRR8UY4f2x
207,71V3dATtX5uJBi4x,DDlxvud9cQz5uw4x
208,Dq6gaBXsoDoF0vCy,K3Z0EAERLjSPKdkt
209,PiiC3OdJzEMCZgDG,VxeCQXFACvc2bQCY
210,l9tgakz7ZuTnulqG,rINHJax8l8wPh1A6
211,KpH79TgBlwB4ySbm,R1cTnP0fjQR4GZ9E
212,AGeznmzrQxk0ed6C,GSjZ0uyeQFsPm6b3
213,crnpCuJx695QD8HO,j4HM1X6Jhjioxrwy
214,TCc1uWwCUrM3sd3o,ZRU6mLnUJwMXJTSZ
215,1DCv7Ug2LmdUyySy,7TEYBNJJgALG8vqZ
216,HyIt1bxc7NFPeZNW,OCV0kJQsHvIjBmsX
217,WHD9MEpJM6uPPYkm,cVcQ8OyPKu0gdGfE
218,a1kdTMbqCcXha7RO,gDaLgPz5ho6aBYNJ
219,KXnK6IwQB0ftqIZn,Qk6Hz3DiXaLwsqOy
220,mg4MLXIlowhaXg1J,sojgNAL8BOEwf7Zm
221,dYbT6BJSDnblxHb4,jlS3973hih8Unb16
222,5saDn8uCbKW8xOHg,C4pkcH1V6chhlYk0
223,EOYBwoOBFopSSaL2,Kc6KCc00hsWJglnF
224,mZ7Cu3LH5u0UWEmN,shyhMP8Kn15ZMKYG
225,jiZT4DkWnK94iUsI,prYCumzsUNqdPjpM
226,JyN88BhPBbl7cJxp,QAxRAlBvwkhfyBcU
227,qGA43s4NOv0sZUHn,wPoemu0bDyeVhtwi
228,idjKk0fqfsM0sC25,on0evL6jDJKCGCmC
229,Vr0iotDF6hkWlBMB,c6RqfEA3A2yatBti
230,NDilSQPuNNtBeYgF,TRlOLMUGTcpsEFiN
231,DNbrf9DvaWtYEILg,Jaatxe4CcfkSBh0n
232,4XuybougOT2pdE8b,Aksj2V67ovUPlU12
233,a8gAqzHLXlfjmh4c,gKwKUeN4QvJkgAec
234,SEoct1qDdP0hXyVG,YTYbJ0SGnkrGNi5Q
235,Ha3ZcYWLsbd4ujgI,No0GNIVtpN4qfQzZ
236,XrYrN0BUvCTq8h8d,e4aj8grWyTHlEvko
237,1A12qKUgIpPfFHIa,7PvKTCFi6TJm1Q2P
238,VhbsjiPU5upJZo5M,bwm6lBS5P4s52mTH
239,YTPq0Okk4yglQKEX,egblSZDhsuOa0dLX
240,km9S1DtsIldgWVWW,qum1o5bYegnq3MfJ
241,MifI8WySEKzitjQN,SxivYsac29nUI2Gk
242,hjs0s9HeQKY8LGH8,nscBrj4LoH3N8vqD
243,1LtR3ZyVPbONzbML,7c4cp7wK0lkthdJH
244,2XuHMduUwXNLHRDN,8mjV3uS4icEoB3Rv
245,FC8B3QfjiYIFtHAz,LPsrceCTYv5fGNpf
246,dDwcsAwbeQaU14L0,jRRb0lGaTGkL0Ge4
247,Jmokw7U5XbjkSxAw,PzDraihqk42wOihm
248,V5vHqxp8TUWbt1BR,bLU5aFuhv5HO4ehq
249,YXzget5NV9vOMyHk,ekqKwCg5zWc4JKSD
250,KHcfvi2Z1DIzBr4f,QU8bKFTJDSqC00V3
251,d8XJUHxL5xGFGxHZ,jLPqR8AWTXKEUccX
252,Bdkzw3BSsaJ5FIoa,HqfxvJo8pNOFZpTO
253,R0xClsvTvLJBrfDj,XGAQvwJV2QlfRrpS
254,ZaZoRkdl2Kcn26X8,fncHZY5zHlkiqcT8
255,2YeQbmxLvt2ow48T,8nca8nMrJpNmi0Cw
256,Fa34ljO1DTSyTZg8,Lmrdlnu4FosY1eqB
257,tjeSqr5XedhqId9H,ztzv3m2Es2UF2TyY
258,o3I2eCpn6vTHqAOj,uCNqFPVT1VL6KlTD
259,ri7LG0pzZ2CTZain,xsboKVn1pAzVbu0G
260,V0VRGzkOkwuCtwiw,bFyBNQ3prH2zkg3r
261,cLUgq30kXeIDbR5o,iY3EVWZ848lqhhmM
262,AiZkq1AhgI7STb54,GuE38KuWH4CmsU4R
263,57NUBOIPI723oeCk,BJZRQG6xgkI0eGXU
264,86THFtVA6iZmUGgG,EHdU1zleWeaz9zuK
265,872XeSyzfQwP8zNn,EIMMPQqJf6ydMVNh
266,rW1fGO8oKZsOc8vb,xggNGTSdiHhIpYy2
267,J4BF9Sx1CkKGaMRk,PHmPKaWFwnSQBAUg
268,Gkh6kOmXQVnpLK1f,MxIBq9NY5NsidiXC
269,3Qqi8vDFcUIfd0iG,9efJ8flxrd1LO5Kw
270,IawpJ1o4fxjwrl4i,OoSyWCgP6Uhs961P
271,Exp26olidMvTTHir,LBY3wSt2b8Pu5nk0
272,jxM6G1MYzkpxW7a9,q7DzGzRJoSJr0y15
273,EYSnv02FDw3OBjDw,KmMlg6TUFv1Brp2N
274,1RIfa1NxfdMnAex7,7hK1EkY2zxTzInZp
275,SXufvsaodozveGLo,YnPqJLg9xaarMHMv
276,60rj2i6DX6KL5x5V,CCkqhtCizYcCU4Ic
277,S9oHuIZbHfRTuBeK,YOYLmZGHAS7iuXvE
278,MsszaTVjsi6qc7Qx,T82WO7DO1mscB89P
279,hEaJDhoHYt4Ibxc5,nNJjlhk8jvjo77SY
280,jfsiR6HIN9TNEo1c,poyAngdM8XzqUoth
281,WtUzAAfbH14yXUB3,d7B8rFLT87mBxHj4
282,fUbgVjrlfc8ClGjE,lghydvcLu8oIWenX
283,MLBtx0ZwgzegP8sW,SZnr8C2sKHDDLYYy
284,OR2rgbUzHM2PfeJo,UeBdcg2guwz4LlGO
285,lFxu1SMCPvKIeM2z,rOKqHCIvE3U56001
286,qRB6GywNAiw7sq0J,wan74AKwV0w9r8rK
287,FWS8L6QdY4fDhr4S,LjMROoMzKzcxS3Rf
288,FwvMks2FoU8xXOEU,M9O2tFeBJT6pCqwC
289,74S9ef3tT7qPdHtz,DGVaLFdBykXKh7l4
290,brdgpaetHVbCyOjp,i4JvnUbMSSFO73Wu
291,UiJOUzStEgVm4Rqc,axgi1ZEKSMboBdFT
292,08KP8k8EPCoIJAWj,6MUqKf8CsHFgOtu0
293,eZPY2IWpF1bEcS1L,klHqtTfA0UKnUHmM
294,tARDnrMYku6hvwzy,zKmznVhLdh4yZ2gS
295,Lq4ryq7YjAqnURr8,S45V2aPllvMY0P3M
296,laQXQCLP5vzkqpu4,riwI4L6HAbmJ4CZx
297,91RZ9XioxcMCzxDF,FCYgrEONz6MPn5iR
298,dmhysGUexzN8eDWW,jzaJV6KztiScL3WO
299,kHkvVZAx4GMPvUZJ,qQlCBl5mX5dT62mO
300,WvgJowAP3m2pt2f5,d90TYYJj2ujMMZZw
301,TaYOymC1Pm0yGzTO,ZopEuXdVumRPfDHz
302,W6flgXousIagUfbO,cKr3IubtaMkkLVbr
303,BNDTPHmouOBVFnrJ,HZZdXVUoN3Enoh0r
304,oHS1waMLOvVM2kT4,uR4tcuwnE8J0LTHt
305,9E7tKAQh5OArdIKS,FPQNOkUOKl39sHE6
306,oqI43dRGdBinI81Y,v0AWe3ydZzU3s5te
307,0LVrgO8ab6PkOml7,6ZkajsWwbYoTtWb7
308,RAky9BNu13uiXX0T,XPaG3O0PI8CC0BV4
309,8zeS28hCjUNGlUC6,FB2Gk31qExEKHVk2
310,BOtTJntGROo5s8AV,HbGp9tyweRitVbTb
311,7pkf4V6iD8ymGcvB,E1KSUjtS1HOxlBn9
312,JKkMTjlHn84og2DE,PY6R7Ff4NNBj1hhO
313,oG6rIY8BCo8z6pJu,uPYq2EmdzYjHZ70C
314,hurGfWPdAnydEztr,o4ND5HmQ3yNoG9Xv
315,H93gbohsptfTsMjr,NN2jRmdd7tHfmHnx
316,9v9XkzBF6nkajREF,G75CnUPLMTFLHgvO
317,jnMlMhgZJZtycnd5,pwdxG76YqYv8MYsL
318,1cRMXI4pAmQ06xhA,7rjnkLXBv5h8wvjI
319,3dKBvdmAm88iHacM,9qQ2AB34Yjto8s53
320,CwEzvFnFuuPj13pE,J9JVpw121Nry8Lon
321,Bcf1Oa1TERWZNaFj,HpbVLdqaLoAOYAss
322,7FOXt8O4Y4BRvVi2,DRKHm6UNjsXWIVEj
323,DsDaJRns6WlhRANj,K5ePy4ERFOFoVI8B
324,DS3zSCc2pEZbuw1e,JexoZCkAVlBixKhZ
325,a4vxjZMQUNeLGEtN,gHGypzYzf5JTxHBw
326,YoaNJtQNfnctuYJk,f0sj5Uoz4ojboLC1
327,blZRjEDbukdae7hP,hyJYTOkeAJfT42YL
328,hBuvranS35RexQeX,nL60ASAjZayWsQ38
329,n1jjYmhN9ZPJ0bNG,tAt1Eao1OOLDHZjp
330,7AYiEHudZSPN7GuS,DMIecEIjo18Hin0e
331,lsIHDvvYW7gEiXk5,s0FlLWK3MBFoWdcY
332,o6AokUqpKzlARknT,uFG10p3i4oNiKw48
333,ELs6mT7CixdwfelG,KZLu4WHeuR04oebE
334,KSOIwMfLbmdgelFF,QeOVNjheTTcJ0wgt
335,CVu8pBvfWvcRrRbQ,IioihdYbFN5qAr4C
336,4v5EvvsazprF4sbp,B8NM1ZfQzcpePgjX
337,01P69TdJdc6anFAr,6FQK6MuHktSFEZbi
338,4dNjLFkxKkSji82f,AqTRKbdAGoVyDqR1
339,bXBcNAEHR4LmUXol,hk8J16eo8LpIUCvH
340,qFhDgZ78OWQ8ReBn,wP9mLEqUg3VoL3F9
341,C8eMlbdz03EVydyU,ILuVVHYhMkEKtugJ
342,VRBWPM5OiNbb8aG4,bgr2S8hlyXLPjRrw
343,H7CopBtBvYfHLLqu,NKkjmsysaqmKX6YU
344,mEXICxNScTW4JdqY,sNL267C0Pf2bmcAB
345,qjggHcaeaPbfEQ1M,wtufggW3rPprR2IU
346,csdTX2KGnkzuzNwx,j55mRoxosDDrkGM4
347,WDBV4RzMqqIAnEOY,cRM1sHvkz7xyUsGD
348,IcTmFtSV6PpysnDO,OpzFHr1koUXWAF4C
349,qVho6j8b9Kwzxhf0,wfQbR1yvxoU9W1Gt
350,XgI1yjAL63vF4sKq,dtZImzhJzYks6ovI
351,6HxkBmT8ivOuYPd7,CUMitVF4u0Mo6YSI
352,3t77Ek4MHsE3wnTU,A5v2UgibOuxu3kyK
353,425qWNTTHghrIV7J,AEyKCW4p09O1hWsa
354,UFajtefo76o6Iig5,aUR97WpGEbPJUHZF
355,QuyFlh8LfeGcjL09,XAHctf6qa4rmvOwJ
356,e20T0sz43JME6dUm,kEd0FzQqtDyLqF5I
357,axENbfWbScdQJBjP,hB48oRhf0DOd9wKW
358,1stC9qB7kMN2aXyl,88dGfbyEgrDM1WXk
359,ZnVDIFKJAeYBOEy7,fzyBDNRCanp9Yto1
360,rYaLLCgnad4spOZC,xj2uDpPztywlgBYU
361,DLPXfkQrkVh8WcQO,JY9ySATcCMpff9wL
362,ZoBMTmALysrJXqu3,g0eep6Rag7ghmSiq
363,jfAetHak3aiKxKCk,po868G2Lwk9W6DfV
364,SqTXk0eX6JKHxYv6,Z5wzY7oB3963PKKE
365,hkMMkmoohe2KX4ey,nt34XnMNPzzl3ATV
366,3GIJfFZnjdTYwRRS,9V5zBg8M6WnCyXku
367,GTnMZCym0aDJ1JbH,MfbG1DS7P5oao8Fl
368,oPYqKOequ6xvKtte,uYtNxbR4bAY0lnWh
369,O8CHYcZhUa7p7kUY,ULi3kTD7XlaCtRNQ
370,WHhrbPUvrDfwbNzN,cW3AANnAGhn8wJMi
371,WCmX8kwQkug0dqsj,cQthfkKoUpzuBIbL
372,caGcnpQlY77Camn5,imr8sD98iYmTDS0p
373,nIENxJwKkhVlWHne,tRfvbYUHpYaaAm5D
374,LWIm5lqWsMsYzhWq,RjIwaJJKdjJUzB4U
375,cLjtGrYXfKgihh94,iYHCAdAVHBGCL0P1
376,WfVqeqgXqKlsVxn8,ctYjYE1K8OpRJPg5
377,87UTLI5jULM1E4uk,EIqmsH11AfowPckg
378,2DtENDxyJBHb517Q,8TOIq1KTWb0NLuSo
379,ZLjjzjzmRkcf5CcW,fYKa0MgrdIeo9nwj
380,OCxW2ekTBV00OZbL,UQXLt9sJFcVNTw3p
381,DTn6dqvzqGDk7ld3,JgkZ48IVus15VEl4
382,pPA4UZSi803GFjdI,vZn0nU3W0lomOxty
383,dnSercoBk0iGCNn5,k0GulaiH28w0kK1A
384,bg3PuJRunfs1osvu,hsiLyTvNcxKFuUcL
385,W3GggGujgk54J2AF,cHbgEqA4tvVY2PQ6
386,dAFVNKzD5UEckyFb,jNObfE8SAfTyRcuy
387,lMvZSN5zNLrSpHw7,rVCBI7UWr6m9NtWC
388,lujedtU0g3kzXXw8,s2tumEEZAjSeFMGe
389,FgvO6zhUmrG8aHQi,Lu0vBy4Kjj9ryKOk
390,9CBWfMqGLyw9Akst,FNR3X85b5Lo8th3E
391,JUd4murNXEeOO0ga,PhVFua0S5y1FdHOR
392,ny22ZzFz5y1KTf38,u7CoGgd38TxpmIRj
393,EqLCaqafh90dfHPo,L4IOupPNkadegJjr
394,Q3DNjoETkSRPW0JQ,WI1itblPyxKE2IMB
395,p333PKC78Ax3wmnB,vD1rCZMpFJkNaaRf
396,6yboUgmQJB5fIvuu,DAood33i4vRYhWoC
397,kBHiKsMfwJvFZpe8,qKL1WFrix4PE1LIn
398,FkVRjhaThsaSsl21,Lxi3xWDV2IpW52aU
399,5oUH5CgnhwfNApo0,C0WneFndroXhjwMA
400,L3WhVJGUKSYNrvo4,RGSXblNL8zSO9UV0
401,foPOG1lBMiFbWc6Z,m0S3swt7GUvlOv8R
402,Lc7vYH1r63oKUBjH,RpZz7zQl23BgawtJ
403,KNMKpp8SHICM6K3v,QZSqyMmaXXOYSsc9
404,0x8UCsWnZadnAW4l,7Cv60pSy7npHX1hg
405,EEJlSzuoQTZQgW0J,KS2itGHfTAcSGtPA
406,6SIs2R6MDcM6wZI0,CeRm2USxO42P9WF3
407,XGTUUwHbS5r5qUsU,dTZwXvPqrB2MXryp
408,joixpqDdjYqiAEVj,pyDwjin9PbvKHTWz
409,Wv4VVY05Ub0HqmBn,d8TQLKcV8RSBjYd0
410,fq08X60t1Srjohiy,m26hDuRB73jEL1du
411,LrBEQExhC3lSbZkk,S53ZwKP8VLlrliz4
412,SpQdlUrqEyU5MXaW,Z4t5X7U2qgPwIa3N
413,1H1TTKcLPPgMCzJk,7XXrmHGsFrNIB7hV
414,XF0UnnUlyrHawO1r,dS1wwN3TS2C1kiWx
415,Pt8eIfjLLqxBgYBr,W8H3Sjh4SCiAiK73
416,XuDH8Cx0wCNnME1i,e77s799nduayeHMH
417,KXeYYIBBV1rRKyGN,Qk1Xh39ajvcT7Svo
418,c43XaMGpVmQbZNaW,iGfePSgSUFYNk77d
419,eQPqVREbZwEE8LsS,kcSTkyatX7b9uK08
420,EDzlMysowEZEkmYn,KRnCZBEVavSMDehm
421,b8HqY38TTRriEzDN,hMWUvAxwYTrIt8or
422,KLOW15jaXXQmsfwr,QXeMdniKd8AB6kHn
423,aVGrVdI0dAY041FS,gi1j6ImXBKjIGBjj
424,ZCHk7lMUmEmU7n7I,fOYmuK8WrcDjX7cJ
425,UM67Rhfizb3ztHhF,abBb6ucsnJejJb5Y
426,PiJi5ezkiHc8YP4D,VxIUYTnfv8skD0KU
427,TOKkDHBw0NrHpMI8,ZcurXr04nVuZFWgy
428,SuFW2cuSUd6uGSuN,Z9YUdijZej5NMAlD
429,LjypBZb2CLC3S1Rj,Rxs9ixClkXGUTb6F
430,dzu7Efa42kukQyAF,kCOphx80HwB913Qm
431,5tocU0KaAL2rHWun,C6415APfiAjwlwWk
432,RheQ8OGFFh3KRERr,XwOZgGzvAABvwkve
433,ZbqQNyHFkA2PfHV1,forUYlyp4TSGpz1y
434,9vXJ7xoZz007loSJ,G7fh8cO9OpazHeUn
435,AnHDO39eAOX5YLYH,GzOUTMKt6JKOirkx
436,XqZSfF31hPtG0YMw,e3jJbG6zaOwI2zZn
437,qyBqDkG7avZMUyJR,x8cTDiOhAPjiV3VC
438,LnOfTq7the1sL0Jr,S1GHVtkQ3gPi33uu
439,cKyiHr18xRRPDnzr,iXdVgR1wEmMLuGrL
440,H3ZxwSITDiU4eQvR,NGxGNHaYAIPzZWk4
441,e4cHOhA6uXTCrG7H,kHUxL2AFI3Fvgut7
442,SL0P6qnUPtfXciqr,YaFeYH9fbI0RUGLV
443,mMFlXIIF0plbyYhx,sVWZNDQflu9L2D1W
444,fmYfOR0zJQuoKxgW,lymk5LVx9zYpu5Ul
445,gzQo3CTpiWBFUSPQ,n9l7MHPNdaT5DVL5
446,W9hE6ZIJsfPUNec9,cNjkUhofzQQKKiqz
447,49m7g50W28pgFFhM,AMbqAOt4bG2K9jm9
448,SJgNrzvKmsMPFYgz,YYuyZtq6U9uqojrC
449,RPU8rUoBNouPdL3e,XeeASTmdrBju4nWS
450,mzTqU9Jg3nLFXZmD,t8k5NpHeJ1EkOqBQ
451,cgebG3Xq4lgoRweq,itAxIkLRVtVsKbxu
452,9mPoHnm9RVboa5aZ,FyYw1gahhVjf6hyA
453,hmUVZxGznDDOYicY,nvKbeN0RhEWkxuaA
454,gFbBBKwJkcfOCYlp,mSB1xij7kTVFu6Zy
455,2Mrf8sneAEry0t9q,8c2IfSHNNywXOUN0
456,VfU1aXcVhhAJQxJD,buqZ73Z7jXI0fLxV
457,GLzCdONndqhFTf6E,MXyB1iOrbxkFLTu6
458,qPIjeLWGsnCDmkVG,wYxj2UePFcDYNWyu
459,ByOsURsOjjFbjEob,IBKLVRj3cr26Gr5s
460,gHw51henNzsuRNpM,mUZkJOlNuz1KARpj
461,22lw9qCx8K6uNr8N,8IOyiyAO2zIwCpox
462,akE3uPWR1LLuLC5D,gx6O2FpLRQzqmYc5
463,8aoDPOj8Atg9Fyhn,EmDb9ngbzHIsUSRg
464,VqTkX4Zdcw0qnfbe,c5jhioCs7UolJAoD
465,I2D9hGJQlumK98SV,OGZcVphvzHtWP7QV
466,gJ3QacVUkgKe30JJ,mVZvetp2ujSYHzQt
467,28EKEvitjzVqw2ze,8NrD0HthQlhxHOCE
468,emmnS9K29YNpKz3P,ky0jVTFZJo9EGq7B
469,4GuJWCrZZQGsu4P5,ATmNhGsEdRj0uGLF
470,m2ZBZ2u67pddVRLK,sBD4TznvC5TTQG7G
471,MOj8hzyD83xEJXbQ,SdbcNbpsruKK1aYA
472,JwNa99O5whNyr2HH,Q8yZU1PkMED4U6D7
473,tEuGmZAfRuz5ZOJL,zPPw6WmALyAYzwD2
474,sfRMkjsWRQTfMYy9,ypnInDMlhWWlhcEk
475,3Yk0K6dA4tSP6Fm4,9m61fBANkjk6wt9k
476,XRJSZ1tEGNuvf7Ve,deFrpCA6tHcZt4GJ
477,LytuKt2V4YwGlRyo,SD9mdBSJrbwxoNMm
478,bEoaiPl8bSgSzzfx,hSMWwagEJukENrld
479,dD6gbf9mE2nfkWiC,jQYv9RTASifntip0
480,5iy5WznLVR3MpFiS,BuyqHKX65jQXWRYQ
481,OaqrWSTVIUqTn2E1,UnqWyxczo7JWG3Zf
482,s8vbPELV5AymcL8C,yJABS8WtTqKb8PsP
483,TwnRW8AjVveUjVap,aBLgj970z3pgHPOT
484,QO3R1SGg9HxvI4k9,Wd7bYXMGCHAEzBkw
485,leNmrL4EdTlrOOl6,rmgfrfcdX8BTLCf7
486,EHNmHBQylSmKYs81,KV7cqlIDoqRzxbBO
487,VnacM9KxsWBGiwKM,c2vWTCgiw91jfcEL
488,hYxc1aY0mGnpgwSz,ni93taI9s1WXmeOt
489,evnoBI3aE9Q3mJfa,l7DUk2CZIuHjZyWb
490,TKrkD2nvQMEMdhgj,ZZB5xLES4g1xe9IE
491,8ejAONweUZIEgPSo,EpvzplsAv4KDBVer
492,cH8XZ0S0SqRSwHVk,iTKBzQedvJSXU1rw
493,NAl3wEcD1Tt7FSG2,TOubEZRDSwkUOOtd
494,2l7VCCW7xOSc8woG,90d0EkXKAwYSDRG8
495,KwYnPyagE7mGoyOk,R9Uj91fIB8l4OE2O
496,tf29Tdw9xl21pwEb,zpN3Mgqj9Sht9YHN
497,1iXQSjpU0o7yPivN,7y77taMDr3gTcQCL
498,SBKuWU5zA12bfYVk,YQBSjXxEeYJykjY3
499,r39cH99LV3MWQnM1,xDjo2o2CsuAyKoAh
500,7HSB4TWtjRvO4wvV,DTUhQz5ZSBRUZGRH
