workload,system,rq_count,rq_mean_ms,rq_p50_ms,rq_p95_ms,rq_p99_ms,rq_entries_read,rq_entries_returned,rq_read_amp,rr_triggered,decision_ms,scan_ms,writeback_wait_ms,lat_with_writeback_ms,lat_without_writeback_ms,flush_write_bytes,compact_write_bytes,compact_read_bytes,rr_write_bytes,rr_files,total_write_bytes,data_movement_bytes,db_bytes,db_entries,space_amp,last_level,levels,workload_s,rq_total_s,update_total_s,heat_admitted,heat_seen,lat_admitted_ms,lat_skipped_ms,compaction_debt_bytes
main_hotcold,heat_abs_2,500,206.97948259,125.3662515,1054.8754609999985,1514.133365849999,29139931,25000000,1.16559724,19,9.910013316,159.32220168999999,37.747245384,1404.0407304210526,159.69431895426197,138303050,814920192,845995733,267095587,87,1220318829,5796225730,84220807,604036,1.208072,2,"[0, 16467526, 67753281, 0, 0, 0, 0]",252.604945832,103.489741295,60.448758329,488,500,206.6409992069672,220.7444735,265363593
main_hotcold,heat_rel_0.5,500,196.750605092,134.1237495,775.4029590999997,1235.46243572,29686410,25000000,1.1874564,6,18.305087122,167.12342328,11.32206689,1205.7232575,184.49587652024292,138304596,954902016,1007285374,84892706,27,1178099318,5985245172,91220128,654242,1.308484,2,"[0, 24198274, 67021854, 0, 0, 0, 0]",251.847805355,98.375302546,63.338635974,430,500,183.76816404186047,276.49988582857145,357401142
main_hotcold,heat_rel_1.0,500,211.846578876,144.19895,859.8020588499999,1348.8080680799994,29736525,25000000,1.189461,7,17.771353004,181.902469674,12.172731798000001,1186.7765424285715,198.0037599208925,138304087,965984768,1019113982,89564673,29,1193853528,6019242710,89837282,644326,1.288652,2,"[0, 23231306, 66605976, 0, 0, 0, 0]",260.806826425,105.923289438,64.062293627,426,500,200.0281094366197,279.88263267567567,345381648
main_hotcold,heat_rel_1.5,500,195.085052666,125.76275100000001,806.6480848499988,1341.1026195099996,29361249,25000000,1.17444996,5,15.84926448,168.59751803,10.638240756000002,1345.7452842,183.46222204444445,138304589,984479232,1037798368,77692292,25,1200476113,5996514353,92018740,659985,1.31997,2,"[0, 23197423, 68821317, 0, 0, 0, 0]",251.202010534,97.542526333,63.30458084,417,500,174.7917875467626,297.0403726024096,347190393
main_hotcold,heat_rel_2.0,500,204.45570242600002,144.809751,662.1654483499992,1425.9204799899999,29739863,25000000,1.18959452,5,20.309543173999998,174.257881526,9.888250326,1480.7748154,191.56359017373737,138304074,974377472,1028157151,75632839,23,1188314385,6023174000,91697144,657667,1.315334,2,"[0, 23786972, 67910172, 0, 0, 0, 0]",254.32077172,102.227851213,62.232978136,406,500,187.7100308768473,276.78275188297874,353353836
main_hotcold,rangereduce,500,236.72982235,140.2185505,1097.2987059499999,1599.14671906,29471106,25000000,1.17884424,24,10.027333394,179.500727248,47.201736508,1351.1890409999999,180.53860124159664,138304599,754980352,782273954,332440819,105,1225725770,5780301292,81141056,581966,1.163932,2,"[0, 14247562, 66893494, 0, 0, 0, 0]",261.464473482,118.364911175,53.684449568,,,,,237864238
main_hotcold,rocksdb,500,186.967705916,143.14894950000001,502.07942824999964,991.7718950099998,31250193,25000000,1.25000772,0,0.019459602,186.94781591400002,0.0004038,0,186.967705916,138302856,1089355776,1154606512,0,0,1227658632,6382289848,90103475,646266,1.292532,2,"[0, 21533740, 68569735, 0, 0, 0, 0]",259.219720121,93.483852958,66.803404607,,,,,326974615
main_shifting,heat_abs_2,500,206.169283788,113.6456005,1028.1780251499995,1513.98174396,29210818,25000000,1.16843272,21,10.683609618,152.238093522,43.247551447999996,1415.176469,153.16479341336117,138302538,787728384,816235265,311036766,97,1237067688,5792287657,83282642,597341,1.194682,2,"[0, 15358831, 67923811, 0, 0, 0, 0]",249.617670811,103.084641894,56.674232122,488,500,206.04537599385247,211.20820074999997,252229783
main_shifting,heat_rel_1.0,500,183.472548818,116.3959025,765.5274300499979,1315.1889817499987,28655996,25000000,1.14623984,12,12.445000296,148.269641534,22.757876988,1327.8048071666667,155.3332309897541,138304606,891993600,937234474,175085779,55,1205383985,5810585947,88345780,633597,1.267194,2,"[0, 23027097, 65318683, 0, 0, 0, 0]",245.081899076,91.736274409,62.709779887,391,500,175.11785462915603,213.44213989908258,341643847
main_shifting,rangereduce,500,208.38853879799998,114.97550100000001,1137.5442225499996,1521.5488041199997,29001378,25000000,1.16005512,24,8.616658604,152.203974332,47.567873262,1336.7335847083334,151.49719194537815,138302039,732867584,759132475,357910031,110,1229079654,5700388513,85287296,611677,1.223354,2,"[0, 17887479, 67399817, 0, 0, 0, 0]",244.812997544,104.194269399,52.683355634,,,,,282049565
main_shifting,rocksdb,500,184.619803494,142.76835,545.4187268999985,912.91123901,32396639,25000000,1.29586556,0,0.0190804,184.60027689400002,0.00041799999999999997,0,184.619803494,138302344,1097411072,1162950368,0,0,1235713416,6545433576,89978074,645388,1.290776,2,"[0, 21324611, 68653463, 0, 0, 0, 0]",254.095085062,92.309901747,64.936348087,,,,,324548795
main_uniform,heat_abs_2,500,289.697609926,210.5986005,1141.1594131499999,1620.62824308,29638469,25000000,1.18553876,23,8.762338232,236.59734204,44.337905654000004,1355.4114800434782,238.31098725786165,138309194,723057152,748017388,332952998,101,1194319344,5736060764,85406445,612539,1.225078,2,"[0, 17244282, 68162163, 0, 0, 0, 0]",283.365140738,144.848804963,49.281784968,486,500,290.2328874135802,271.1158342857143,275093547
main_uniform,heat_rel_1.0,500,309.30837995400003,211.2900505,1153.1787603499995,1619.8267839099994,29601119,25000000,1.18404476,21,5.414989766,261.095193332,42.798169656,1475.6431436666667,258.1747055532359,138309206,789939200,819978986,308246493,97,1236494899,5845417117,86327674,619134,1.238268,2,"[0, 21279935, 65047739, 0, 0, 0, 0]",301.051191681,154.654189977,55.962089291,330,500,322.93042436969694,282.8655878529412,320406959
main_uniform,rangereduce,500,287.624809292,196.816151,1208.221549,1522.6903010999995,29404223,25000000,1.17616892,27,8.413452423999999,228.546622364,50.664706304,1308.6762434814814,229.34068936997886,138308692,705387008,729846774,377111977,116,1220807677,5714394995,80230509,575469,1.150938,2,"[0, 11620285, 68610224, 0, 0, 0, 0]",278.619176459,143.812404646,47.042468035,,,,,208053644
main_uniform,rocksdb,500,230.60717701000002,186.5974575,575.7354503999995,990.4792842999998,30899732,25000000,1.23598928,0,0.019736,230.58701741,0.0004016,0,230.60717701000002,138309000,1087432192,1154486375,0,0,1225741192,6335393263,88307091,633380,1.26676,2,"[0, 21552367, 66754724, 0, 0, 0, 0]",275.274919046,115.303588505,61.737779515,,,,,325383128
pilot2_hotcold,heat_abs_2,200,287.423805275,151.395853,1401.775488199999,1705.2794662199994,11629205,10000000,1.1629205,13,20.53722545,198.59376648,68.292772345,1495.8758405384615,203.41377073796792,138308170,915006464,954916353,201209919,58,1254524553,3697979146,86596392,621110,1.24222,2,"[0, 18859038, 67737354, 0, 0, 0, 0]",236.081747841,57.484761055,85.608695436,188,200,280.49064602659575,396.0433001666667,294045810
pilot2_hotcold,heat_rel_1.0,200,244.11522797,155.273753,1165.1387939499978,1538.3193135099996,11717782,10000000,1.1717782,5,32.85019233,185.60471557,25.660293069999998,1489.7144700000001,212.17678586666668,138308689,986622464,1040821603,79280731,24,1204211884,3744909583,92369084,662516,1.325032,2,"[0, 24171911, 68197173, 0, 0, 0, 0]",227.290164926,48.823045594,87.816987532,169,200,241.123371112426,260.42567341935484,358260105
pilot2_hotcold,rangereduce,200,320.68093663,144.42290050000003,1521.6579089999968,2075.2885997999992,11632028,10000000,1.1632028,16,17.47403301,210.97407765,92.23278947,1668.008437125,203.52202354347827,138307146,874017280,910211460,239647166,74,1251971592,3651082636,87087603,624607,1.249214,2,"[0, 19374366, 67713237, 0, 0, 0, 0]",244.445264165,64.136187326,86.21129747,,,,,300205629
pilot2_hotcold,rocksdb,200,367.177716025,165.07295,1353.8015269999987,3523.7976749999993,12534148,10000000,1.2534148,0,0.051975,367.12521702500004,0.0005005,0,367.177716025,138311048,1096634880,1162120073,0,0,1234945928,4001436945,90027536,645736,1.291472,2,"[0, 21326139, 68701397, 0, 0, 0, 0]",271.869371194,73.435543205,88.991121408,,,,,324615065
pilot_uniform,heat,300,154.63289237666666,106.29845850000001,461.9151724500003,766.3186692499977,184079,150000,1.2271933333333334,0,17.332827563333332,137.29958481333333,0.0004506666666666667,0,154.63289237666666,137190786,980366336,1040236912,0,0,1117557122,2181356146,92569841,663923,0,2,"[0, 25012084, 67557757, 0, 0, 0, 0]",262.423500567,46.389867713,120.222472534,23,300,372.0730809565217,136.57829188086643,367702765
pilot_uniform,rangereduce,300,83.7069838,31.3245,408.83751600000005,1236.54301855,181450,150000,1.2096666666666667,0,48.684316046666666,35.02226775333333,0.0003753333333333333,0,83.7069838,137193346,1010190848,1072277785,0,0,1147384194,2242887579,90770274,651016,0,2,"[0, 24277361, 66492913, 0, 0, 0, 0]",218.181471212,25.11209514,99.601833894,,,,,357821245
pilot_uniform,rocksdb,300,50.133096316666666,30.218200500000002,173.33343695000005,250.6261049899997,183707,150000,1.2247133333333333,0,0.031308666666666665,50.10117098333333,0.0005870000000000001,0,50.133096316666666,137192328,1062049280,1125820290,0,0,1199241608,2348576394,90007024,645552,0,2,"[0, 21824426, 68182598, 0, 0, 0, 0]",214.485651301,15.039928895,97.537718018,,,,,330075710
rep_hotcold_s7,heat_rel_1.0,500,183.654597114,121.54204949999999,703.1213264499993,1233.2971320499998,29385721,25000000,1.17542884,5,14.071112558000001,159.180678788,10.402773968,1357.843996,171.79409813535355,138270807,988116480,1041178495,81236789,26,1207624076,6010174859,92655656,664535,1.32907,2,"[0, 24227062, 68428594, 0, 0, 0, 0]",240.529889936,91.827298557,60.329016635,439,500,167.2225632596811,301.91136534426226,359153338
rep_hotcold_s7,rangereduce,500,205.95783662399998,125.2766,986.2393899999997,1514.3871789999996,29210691,25000000,1.16842764,21,10.592206782000002,156.12011309200003,39.24548635,1304.5983744761904,157.79196753235908,138271319,799847936,828812570,309455389,99,1247574644,5815355662,86112738,617585,1.23517,2,"[0, 18544914, 67567824, 0, 0, 0, 0]",248.214056784,102.978918312,55.137731004,,,,,290106792
rep_hotcold_s7,rocksdb,500,175.665197334,122.74934999999999,560.949710999998,1063.2016611199992,31215230,25000000,1.2486092,0,0.0193968,175.645350134,0.00042320000000000004,0,175.665197334,138271112,1098232320,1163672799,0,0,1236503432,6395725671,90057619,645960,1.29192,2,"[0, 21324710, 68732909, 0, 0, 0, 0]",257.776237334,87.832598667,67.787038167,,,,,324629429
rep_uniform_s7,heat_rel_1.0,500,269.183909298,187.9998005,1145.1502179499998,1516.55054305,29727842,25000000,1.18911368,21,8.633926008,219.768333674,40.781622616,1291.5661100000002,224.36130759707723,138271831,780837376,809535067,306918462,94,1226027669,5840726512,87387054,626740,1.25348,2,"[0, 21066627, 66320427, 0, 0, 0, 0]",273.58585361,134.591954649,50.636105633,355,500,291.4450066901409,214.6826018896552,319119951
rep_uniform_s7,rangereduce,500,260.08395856,183.2834,1085.4055364499995,1496.7178330699999,29417326,25000000,1.17669304,24,10.744170658,205.994083636,43.345679466,1239.2667852083334,210.71339587184872,138274391,731329024,756728101,341304896,105,1210908311,5733054140,86168069,617988,1.235976,2,"[0, 18398603, 67769466, 0, 0, 0, 0]",265.592189828,130.04197928,47.337174609,,,,,288552702
rep_uniform_s7,rocksdb,500,215.555212104,175.0081485,638.4033073999996,977.1863601299998,31026344,25000000,1.24105376,0,0.019304802,215.535473502,0.0004094,0,215.555212104,138274184,1097785344,1163239419,0,0,1236059528,6370670979,90041341,645844,1.291688,2,"[0, 21324698, 68716643, 0, 0, 0, 0]",266.097729555,107.777606052,61.219397483,,,,,324613019
